,mean_fit_time,std_fit_time,mean_score_time,std_score_time,param_col_transformer__Direction,param_col_transformer__Speed,param_model,params,split0_test_score,split1_test_score,split2_test_score,split3_test_score,split4_test_score,mean_test_score,std_test_score,rank_test_score
0,0.0007975101470947266,0.00039876591805963405,0.0,0.0,WindDirectionMapper(),,LinearRegression(),"{'col_transformer__Direction': WindDirectionMapper(), 'col_transformer__Speed': None, 'model': LinearRegression()}",,,,,,,,10
1,0.0003963947296142578,0.0004855709741194745,0.0,0.0,WindDirectionMapper(),,"(Ridge(), {'ridge__alpha': [0.1, 1, 10]})","{'col_transformer__Direction': WindDirectionMapper(), 'col_transformer__Speed': None, 'model': (Ridge(), {'ridge__alpha': [0.1, 1, 10]})}",,,,,,,,10
2,0.0001998424530029297,0.0003996849060058594,0.0,0.0,WindDirectionMapper(),,"(Lasso(), {'lasso__alpha': [0.1, 1, 10]})","{'col_transformer__Direction': WindDirectionMapper(), 'col_transformer__Speed': None, 'model': (Lasso(), {'lasso__alpha': [0.1, 1, 10]})}",,,,,,,,10
3,0.0002028942108154297,0.0004057884216308594,0.0,0.0,WindDirectionMapper(),,"(ElasticNet(), {'elastic_net__alpha': [0.1, 1, 10], 'elastic_net__l1_ratio': [0.25, 0.5, 0.75]})","{'col_transformer__Direction': WindDirectionMapper(), 'col_transformer__Speed': None, 'model': (ElasticNet(), {'elastic_net__alpha': [0.1, 1, 10], 'elastic_net__l1_ratio': [0.25, 0.5, 0.75]})}",,,,,,,,10
4,0.0008009910583496094,0.0004005044566432433,0.0,0.0,WindDirectionMapper(),,"(DecisionTreeRegressor(), {'decision_tree__max_depth': [5, 10, 20]})","{'col_transformer__Direction': WindDirectionMapper(), 'col_transformer__Speed': None, 'model': (DecisionTreeRegressor(), {'decision_tree__max_depth': [5, 10, 20]})}",,,,,,,,10
5,0.0003984928131103516,0.0004880627966758476,0.0,0.0,WindDirectionMapper(),,"(RandomForestRegressor(), {'random_forest__n_estimators': [50, 100, 200], 'random_forest__max_depth': [5, 10, 20]})","{'col_transformer__Direction': WindDirectionMapper(), 'col_transformer__Speed': None, 'model': (RandomForestRegressor(), {'random_forest__n_estimators': [50, 100, 200], 'random_forest__max_depth': [5, 10, 20]})}",,,,,,,,10
6,0.0006019115447998047,0.0004914602528054247,0.0,0.0,WindDirectionMapper(),,"(GradientBoostingRegressor(), {'gradient_boosting__n_estimators': [50, 100, 200], 'gradient_boosting__learning_rate': [0.01, 0.1, 1], 'gradient_boosting__max_depth': [5, 10, 20]})","{'col_transformer__Direction': WindDirectionMapper(), 'col_transformer__Speed': None, 'model': (GradientBoostingRegressor(), {'gradient_boosting__n_estimators': [50, 100, 200], 'gradient_boosting__learning_rate': [0.01, 0.1, 1], 'gradient_boosting__max_depth': [5, 10, 20]})}",,,,,,,,10
7,0.0007978439331054688,0.00039894838380173257,0.0,0.0,WindDirectionMapper(),,"(KNeighborsRegressor(), {'knn__n_neighbors': [5, 10, 20]})","{'col_transformer__Direction': WindDirectionMapper(), 'col_transformer__Speed': None, 'model': (KNeighborsRegressor(), {'knn__n_neighbors': [5, 10, 20]})}",,,,,,,,10
8,0.0007998943328857422,0.0003999695473163574,0.0,0.0,WindDirectionMapper(),,"(SVR(), {'svr__C': [0.1, 1, 10], 'svr__gamma': ['scale', 'auto']})","{'col_transformer__Direction': WindDirectionMapper(), 'col_transformer__Speed': None, 'model': (SVR(), {'svr__C': [0.1, 1, 10], 'svr__gamma': ['scale', 'auto']})}",,,,,,,,10
9,0.00040063858032226565,0.0004906923029062018,0.0,0.0,WindDirectionMapper(),,"(MLPRegressor(), {'mlp__hidden_layer_sizes': [(50,), (100,), (50, 50)], 'mlp__activation': ['relu', 'tanh', 'logistic'], 'mlp__alpha': [0.0001, 0.001, 0.01], 'mlp__learning_rate': ['constant', 'invscaling', 'adaptive']})","{'col_transformer__Direction': WindDirectionMapper(), 'col_transformer__Speed': None, 'model': (MLPRegressor(), {'mlp__hidden_layer_sizes': [(50,), (100,), (50, 50)], 'mlp__activation': ['relu', 'tanh', 'logistic'], 'mlp__alpha': [0.0001, 0.001, 0.01], 'mlp__learning_rate': ['constant', 'invscaling', 'adaptive']})}",,,,,,,,10
10,0.004397010803222657,0.0004891303342893213,0.002602243423461914,0.0004929204020700364,WindDirectionMapper(),StandardScaler(),LinearRegression(),"{'col_transformer__Direction': WindDirectionMapper(), 'col_transformer__Speed': StandardScaler(), 'model': LinearRegression()}",-74.19662802692459,-67.27262441669535,-67.94429777778645,-37.681244824160814,-79.9919311017524,-65.41734522946392,14.619255627586533,8
11,0.0001990795135498047,0.0003981590270996094,0.0,0.0,WindDirectionMapper(),StandardScaler(),"(Ridge(), {'ridge__alpha': [0.1, 1, 10]})","{'col_transformer__Direction': WindDirectionMapper(), 'col_transformer__Speed': StandardScaler(), 'model': (Ridge(), {'ridge__alpha': [0.1, 1, 10]})}",,,,,,,,10
12,0.0,0.0,0.0,0.0,WindDirectionMapper(),StandardScaler(),"(Lasso(), {'lasso__alpha': [0.1, 1, 10]})","{'col_transformer__Direction': WindDirectionMapper(), 'col_transformer__Speed': StandardScaler(), 'model': (Lasso(), {'lasso__alpha': [0.1, 1, 10]})}",,,,,,,,10
13,0.0,0.0,0.0,0.0,WindDirectionMapper(),StandardScaler(),"(ElasticNet(), {'elastic_net__alpha': [0.1, 1, 10], 'elastic_net__l1_ratio': [0.25, 0.5, 0.75]})","{'col_transformer__Direction': WindDirectionMapper(), 'col_transformer__Speed': StandardScaler(), 'model': (ElasticNet(), {'elastic_net__alpha': [0.1, 1, 10], 'elastic_net__l1_ratio': [0.25, 0.5, 0.75]})}",,,,,,,,10
14,0.00039925575256347654,0.0004889869061275923,0.0,0.0,WindDirectionMapper(),StandardScaler(),"(DecisionTreeRegressor(), {'decision_tree__max_depth': [5, 10, 20]})","{'col_transformer__Direction': WindDirectionMapper(), 'col_transformer__Speed': StandardScaler(), 'model': (DecisionTreeRegressor(), {'decision_tree__max_depth': [5, 10, 20]})}",,,,,,,,10
15,0.0009999752044677734,3.7709348525557603e-06,0.0,0.0,WindDirectionMapper(),StandardScaler(),"(RandomForestRegressor(), {'random_forest__n_estimators': [50, 100, 200], 'random_forest__max_depth': [5, 10, 20]})","{'col_transformer__Direction': WindDirectionMapper(), 'col_transformer__Speed': StandardScaler(), 'model': (RandomForestRegressor(), {'random_forest__n_estimators': [50, 100, 200], 'random_forest__max_depth': [5, 10, 20]})}",,,,,,,,10
16,0.0005983829498291016,0.0004885956657168566,0.0,0.0,WindDirectionMapper(),StandardScaler(),"(GradientBoostingRegressor(), {'gradient_boosting__n_estimators': [50, 100, 200], 'gradient_boosting__learning_rate': [0.01, 0.1, 1], 'gradient_boosting__max_depth': [5, 10, 20]})","{'col_transformer__Direction': WindDirectionMapper(), 'col_transformer__Speed': StandardScaler(), 'model': (GradientBoostingRegressor(), {'gradient_boosting__n_estimators': [50, 100, 200], 'gradient_boosting__learning_rate': [0.01, 0.1, 1], 'gradient_boosting__max_depth': [5, 10, 20]})}",,,,,,,,10
17,0.0009983062744140625,5.433433354661604e-06,0.0,0.0,WindDirectionMapper(),StandardScaler(),"(KNeighborsRegressor(), {'knn__n_neighbors': [5, 10, 20]})","{'col_transformer__Direction': WindDirectionMapper(), 'col_transformer__Speed': StandardScaler(), 'model': (KNeighborsRegressor(), {'knn__n_neighbors': [5, 10, 20]})}",,,,,,,,10
18,0.0,0.0,0.0,0.0,WindDirectionMapper(),StandardScaler(),"(SVR(), {'svr__C': [0.1, 1, 10], 'svr__gamma': ['scale', 'auto']})","{'col_transformer__Direction': WindDirectionMapper(), 'col_transformer__Speed': StandardScaler(), 'model': (SVR(), {'svr__C': [0.1, 1, 10], 'svr__gamma': ['scale', 'auto']})}",,,,,,,,10
19,0.0007988452911376953,0.0003994256163617385,0.0,0.0,WindDirectionMapper(),StandardScaler(),"(MLPRegressor(), {'mlp__hidden_layer_sizes': [(50,), (100,), (50, 50)], 'mlp__activation': ['relu', 'tanh', 'logistic'], 'mlp__alpha': [0.0001, 0.001, 0.01], 'mlp__learning_rate': ['constant', 'invscaling', 'adaptive']})","{'col_transformer__Direction': WindDirectionMapper(), 'col_transformer__Speed': StandardScaler(), 'model': (MLPRegressor(), {'mlp__hidden_layer_sizes': [(50,), (100,), (50, 50)], 'mlp__activation': ['relu', 'tanh', 'logistic'], 'mlp__alpha': [0.0001, 0.001, 0.01], 'mlp__learning_rate': ['constant', 'invscaling', 'adaptive']})}",,,,,,,,10
20,0.004610395431518555,0.0004769397768225705,0.003005790710449219,1.4862793164143735e-05,WindDirectionMapper(),PolynomialFeatures(),LinearRegression(),"{'col_transformer__Direction': WindDirectionMapper(), 'col_transformer__Speed': PolynomialFeatures(), 'model': LinearRegression()}",-60.39861813855491,-60.24065086108576,-64.44926615271254,-35.92173717567486,-42.991291332164124,-52.800312732038435,11.224029632510366,3
21,0.000595998764038086,0.00048664081953549366,0.0,0.0,WindDirectionMapper(),PolynomialFeatures(),"(Ridge(), {'ridge__alpha': [0.1, 1, 10]})","{'col_transformer__Direction': WindDirectionMapper(), 'col_transformer__Speed': PolynomialFeatures(), 'model': (Ridge(), {'ridge__alpha': [0.1, 1, 10]})}",,,,,,,,10
22,0.0006000995635986328,0.0004900204707863125,0.0,0.0,WindDirectionMapper(),PolynomialFeatures(),"(Lasso(), {'lasso__alpha': [0.1, 1, 10]})","{'col_transformer__Direction': WindDirectionMapper(), 'col_transformer__Speed': PolynomialFeatures(), 'model': (Lasso(), {'lasso__alpha': [0.1, 1, 10]})}",,,,,,,,10
23,0.0003995418548583984,0.0004893378192305526,0.0,0.0,WindDirectionMapper(),PolynomialFeatures(),"(ElasticNet(), {'elastic_net__alpha': [0.1, 1, 10], 'elastic_net__l1_ratio': [0.25, 0.5, 0.75]})","{'col_transformer__Direction': WindDirectionMapper(), 'col_transformer__Speed': PolynomialFeatures(), 'model': (ElasticNet(), {'elastic_net__alpha': [0.1, 1, 10], 'elastic_net__l1_ratio': [0.25, 0.5, 0.75]})}",,,,,,,,10
24,0.0004048347473144531,0.0004958284520847441,0.0,0.0,WindDirectionMapper(),PolynomialFeatures(),"(DecisionTreeRegressor(), {'decision_tree__max_depth': [5, 10, 20]})","{'col_transformer__Direction': WindDirectionMapper(), 'col_transformer__Speed': PolynomialFeatures(), 'model': (DecisionTreeRegressor(), {'decision_tree__max_depth': [5, 10, 20]})}",,,,,,,,10
25,0.0005984306335449219,0.0004886906042265388,0.0,0.0,WindDirectionMapper(),PolynomialFeatures(),"(RandomForestRegressor(), {'random_forest__n_estimators': [50, 100, 200], 'random_forest__max_depth': [5, 10, 20]})","{'col_transformer__Direction': WindDirectionMapper(), 'col_transformer__Speed': PolynomialFeatures(), 'model': (RandomForestRegressor(), {'random_forest__n_estimators': [50, 100, 200], 'random_forest__max_depth': [5, 10, 20]})}",,,,,,,,10
26,0.0005998611450195312,0.0004897846745234291,0.0,0.0,WindDirectionMapper(),PolynomialFeatures(),"(GradientBoostingRegressor(), {'gradient_boosting__n_estimators': [50, 100, 200], 'gradient_boosting__learning_rate': [0.01, 0.1, 1], 'gradient_boosting__max_depth': [5, 10, 20]})","{'col_transformer__Direction': WindDirectionMapper(), 'col_transformer__Speed': PolynomialFeatures(), 'model': (GradientBoostingRegressor(), {'gradient_boosting__n_estimators': [50, 100, 200], 'gradient_boosting__learning_rate': [0.01, 0.1, 1], 'gradient_boosting__max_depth': [5, 10, 20]})}",,,,,,,,10
27,0.0007987022399902344,0.00039937276923868,0.0,0.0,WindDirectionMapper(),PolynomialFeatures(),"(KNeighborsRegressor(), {'knn__n_neighbors': [5, 10, 20]})","{'col_transformer__Direction': WindDirectionMapper(), 'col_transformer__Speed': PolynomialFeatures(), 'model': (KNeighborsRegressor(), {'knn__n_neighbors': [5, 10, 20]})}",,,,,,,,10
28,0.0,0.0,0.0,0.0,WindDirectionMapper(),PolynomialFeatures(),"(SVR(), {'svr__C': [0.1, 1, 10], 'svr__gamma': ['scale', 'auto']})","{'col_transformer__Direction': WindDirectionMapper(), 'col_transformer__Speed': PolynomialFeatures(), 'model': (SVR(), {'svr__C': [0.1, 1, 10], 'svr__gamma': ['scale', 'auto']})}",,,,,,,,10
29,0.0006194114685058594,0.0005071588770983028,0.0,0.0,WindDirectionMapper(),PolynomialFeatures(),"(MLPRegressor(), {'mlp__hidden_layer_sizes': [(50,), (100,), (50, 50)], 'mlp__activation': ['relu', 'tanh', 'logistic'], 'mlp__alpha': [0.0001, 0.001, 0.01], 'mlp__learning_rate': ['constant', 'invscaling', 'adaptive']})","{'col_transformer__Direction': WindDirectionMapper(), 'col_transformer__Speed': PolynomialFeatures(), 'model': (MLPRegressor(), {'mlp__hidden_layer_sizes': [(50,), (100,), (50, 50)], 'mlp__activation': ['relu', 'tanh', 'logistic'], 'mlp__alpha': [0.0001, 0.001, 0.01], 'mlp__learning_rate': ['constant', 'invscaling', 'adaptive']})}",,,,,,,,10
30,0.008576059341430664,0.0004699666633447812,0.004198884963989258,0.00074824547235245,WindDirectionMapper(),EmpiricalWaveletTransform(log=True),LinearRegression(),"{'col_transformer__Direction': WindDirectionMapper(), 'col_transformer__Speed': EmpiricalWaveletTransform(log=True), 'model': LinearRegression()}",-85.45215310557997,-84.74886620316677,-98.5496749940074,-52.05669150460016,-61.96896917058048,-76.55527099558695,16.988136560299417,9
31,0.0006175041198730469,0.0005048131787582255,0.0,0.0,WindDirectionMapper(),EmpiricalWaveletTransform(log=True),"(Ridge(), {'ridge__alpha': [0.1, 1, 10]})","{'col_transformer__Direction': WindDirectionMapper(), 'col_transformer__Speed': EmpiricalWaveletTransform(log=True), 'model': (Ridge(), {'ridge__alpha': [0.1, 1, 10]})}",,,,,,,,10
32,0.0,0.0,0.0,0.0,WindDirectionMapper(),EmpiricalWaveletTransform(log=True),"(Lasso(), {'lasso__alpha': [0.1, 1, 10]})","{'col_transformer__Direction': WindDirectionMapper(), 'col_transformer__Speed': EmpiricalWaveletTransform(log=True), 'model': (Lasso(), {'lasso__alpha': [0.1, 1, 10]})}",,,,,,,,10
33,0.0009824275970458985,2.6040111699594017e-05,0.0,0.0,WindDirectionMapper(),EmpiricalWaveletTransform(log=True),"(ElasticNet(), {'elastic_net__alpha': [0.1, 1, 10], 'elastic_net__l1_ratio': [0.25, 0.5, 0.75]})","{'col_transformer__Direction': WindDirectionMapper(), 'col_transformer__Speed': EmpiricalWaveletTransform(log=True), 'model': (ElasticNet(), {'elastic_net__alpha': [0.1, 1, 10], 'elastic_net__l1_ratio': [0.25, 0.5, 0.75]})}",,,,,,,,10
34,0.0,0.0,0.0,0.0,WindDirectionMapper(),EmpiricalWaveletTransform(log=True),"(DecisionTreeRegressor(), {'decision_tree__max_depth': [5, 10, 20]})","{'col_transformer__Direction': WindDirectionMapper(), 'col_transformer__Speed': EmpiricalWaveletTransform(log=True), 'model': (DecisionTreeRegressor(), {'decision_tree__max_depth': [5, 10, 20]})}",,,,,,,,10
35,0.00040163993835449217,0.000491927953625588,0.0,0.0,WindDirectionMapper(),EmpiricalWaveletTransform(log=True),"(RandomForestRegressor(), {'random_forest__n_estimators': [50, 100, 200], 'random_forest__max_depth': [5, 10, 20]})","{'col_transformer__Direction': WindDirectionMapper(), 'col_transformer__Speed': EmpiricalWaveletTransform(log=True), 'model': (RandomForestRegressor(), {'random_forest__n_estimators': [50, 100, 200], 'random_forest__max_depth': [5, 10, 20]})}",,,,,,,,10
36,0.0,0.0,0.0,0.0,WindDirectionMapper(),EmpiricalWaveletTransform(log=True),"(GradientBoostingRegressor(), {'gradient_boosting__n_estimators': [50, 100, 200], 'gradient_boosting__learning_rate': [0.01, 0.1, 1], 'gradient_boosting__max_depth': [5, 10, 20]})","{'col_transformer__Direction': WindDirectionMapper(), 'col_transformer__Speed': EmpiricalWaveletTransform(log=True), 'model': (GradientBoostingRegressor(), {'gradient_boosting__n_estimators': [50, 100, 200], 'gradient_boosting__learning_rate': [0.01, 0.1, 1], 'gradient_boosting__max_depth': [5, 10, 20]})}",,,,,,,,10
37,0.00019931793212890625,0.0003986358642578125,0.0,0.0,WindDirectionMapper(),EmpiricalWaveletTransform(log=True),"(KNeighborsRegressor(), {'knn__n_neighbors': [5, 10, 20]})","{'col_transformer__Direction': WindDirectionMapper(), 'col_transformer__Speed': EmpiricalWaveletTransform(log=True), 'model': (KNeighborsRegressor(), {'knn__n_neighbors': [5, 10, 20]})}",,,,,,,,10
38,0.00040035247802734376,0.0004903296673987,0.0,0.0,WindDirectionMapper(),EmpiricalWaveletTransform(log=True),"(SVR(), {'svr__C': [0.1, 1, 10], 'svr__gamma': ['scale', 'auto']})","{'col_transformer__Direction': WindDirectionMapper(), 'col_transformer__Speed': EmpiricalWaveletTransform(log=True), 'model': (SVR(), {'svr__C': [0.1, 1, 10], 'svr__gamma': ['scale', 'auto']})}",,,,,,,,10
39,0.0007945060729980469,0.0003973040166270342,0.0,0.0,WindDirectionMapper(),EmpiricalWaveletTransform(log=True),"(MLPRegressor(), {'mlp__hidden_layer_sizes': [(50,), (100,), (50, 50)], 'mlp__activation': ['relu', 'tanh', 'logistic'], 'mlp__alpha': [0.0001, 0.001, 0.01], 'mlp__learning_rate': ['constant', 'invscaling', 'adaptive']})","{'col_transformer__Direction': WindDirectionMapper(), 'col_transformer__Speed': EmpiricalWaveletTransform(log=True), 'model': (MLPRegressor(), {'mlp__hidden_layer_sizes': [(50,), (100,), (50, 50)], 'mlp__activation': ['relu', 'tanh', 'logistic'], 'mlp__alpha': [0.0001, 0.001, 0.01], 'mlp__learning_rate': ['constant', 'invscaling', 'adaptive']})}",,,,,,,,10
40,0.0005993843078613281,0.0004893957258616528,0.0,0.0,CompassToCartesianTransformer(),,LinearRegression(),"{'col_transformer__Direction': CompassToCartesianTransformer(), 'col_transformer__Speed': None, 'model': LinearRegression()}",,,,,,,,10
41,0.000392913818359375,0.0004812260114393612,0.0,0.0,CompassToCartesianTransformer(),,"(Ridge(), {'ridge__alpha': [0.1, 1, 10]})","{'col_transformer__Direction': CompassToCartesianTransformer(), 'col_transformer__Speed': None, 'model': (Ridge(), {'ridge__alpha': [0.1, 1, 10]})}",,,,,,,,10
42,0.0005999088287353515,0.0004898236545258664,0.0,0.0,CompassToCartesianTransformer(),,"(Lasso(), {'lasso__alpha': [0.1, 1, 10]})","{'col_transformer__Direction': CompassToCartesianTransformer(), 'col_transformer__Speed': None, 'model': (Lasso(), {'lasso__alpha': [0.1, 1, 10]})}",,,,,,,,10
43,0.0,0.0,0.0,0.0,CompassToCartesianTransformer(),,"(ElasticNet(), {'elastic_net__alpha': [0.1, 1, 10], 'elastic_net__l1_ratio': [0.25, 0.5, 0.75]})","{'col_transformer__Direction': CompassToCartesianTransformer(), 'col_transformer__Speed': None, 'model': (ElasticNet(), {'elastic_net__alpha': [0.1, 1, 10], 'elastic_net__l1_ratio': [0.25, 0.5, 0.75]})}",,,,,,,,10
44,0.00020093917846679686,0.00040187835693359373,0.0,0.0,CompassToCartesianTransformer(),,"(DecisionTreeRegressor(), {'decision_tree__max_depth': [5, 10, 20]})","{'col_transformer__Direction': CompassToCartesianTransformer(), 'col_transformer__Speed': None, 'model': (DecisionTreeRegressor(), {'decision_tree__max_depth': [5, 10, 20]})}",,,,,,,,10
45,0.00039997100830078123,0.0004898630213191277,0.0,0.0,CompassToCartesianTransformer(),,"(RandomForestRegressor(), {'random_forest__n_estimators': [50, 100, 200], 'random_forest__max_depth': [5, 10, 20]})","{'col_transformer__Direction': CompassToCartesianTransformer(), 'col_transformer__Speed': None, 'model': (RandomForestRegressor(), {'random_forest__n_estimators': [50, 100, 200], 'random_forest__max_depth': [5, 10, 20]})}",,,,,,,,10
46,0.0008228778839111328,0.0004131562044311499,0.0,0.0,CompassToCartesianTransformer(),,"(GradientBoostingRegressor(), {'gradient_boosting__n_estimators': [50, 100, 200], 'gradient_boosting__learning_rate': [0.01, 0.1, 1], 'gradient_boosting__max_depth': [5, 10, 20]})","{'col_transformer__Direction': CompassToCartesianTransformer(), 'col_transformer__Speed': None, 'model': (GradientBoostingRegressor(), {'gradient_boosting__n_estimators': [50, 100, 200], 'gradient_boosting__learning_rate': [0.01, 0.1, 1], 'gradient_boosting__max_depth': [5, 10, 20]})}",,,,,,,,10
47,0.0007997035980224609,0.0003998526910718798,0.0,0.0,CompassToCartesianTransformer(),,"(KNeighborsRegressor(), {'knn__n_neighbors': [5, 10, 20]})","{'col_transformer__Direction': CompassToCartesianTransformer(), 'col_transformer__Speed': None, 'model': (KNeighborsRegressor(), {'knn__n_neighbors': [5, 10, 20]})}",,,,,,,,10
48,0.0,0.0,0.0,0.0,CompassToCartesianTransformer(),,"(SVR(), {'svr__C': [0.1, 1, 10], 'svr__gamma': ['scale', 'auto']})","{'col_transformer__Direction': CompassToCartesianTransformer(), 'col_transformer__Speed': None, 'model': (SVR(), {'svr__C': [0.1, 1, 10], 'svr__gamma': ['scale', 'auto']})}",,,,,,,,10
49,0.0007946968078613281,0.00039747245778871536,0.0,0.0,CompassToCartesianTransformer(),,"(MLPRegressor(), {'mlp__hidden_layer_sizes': [(50,), (100,), (50, 50)], 'mlp__activation': ['relu', 'tanh', 'logistic'], 'mlp__alpha': [0.0001, 0.001, 0.01], 'mlp__learning_rate': ['constant', 'invscaling', 'adaptive']})","{'col_transformer__Direction': CompassToCartesianTransformer(), 'col_transformer__Speed': None, 'model': (MLPRegressor(), {'mlp__hidden_layer_sizes': [(50,), (100,), (50, 50)], 'mlp__activation': ['relu', 'tanh', 'logistic'], 'mlp__alpha': [0.0001, 0.001, 0.01], 'mlp__learning_rate': ['constant', 'invscaling', 'adaptive']})}",,,,,,,,10
50,0.004978322982788086,0.0010938187059986854,0.003018951416015625,3.854443199434394e-05,CompassToCartesianTransformer(),StandardScaler(),LinearRegression(),"{'col_transformer__Direction': CompassToCartesianTransformer(), 'col_transformer__Speed': StandardScaler(), 'model': LinearRegression()}",-44.57476156176822,-70.62832831293046,-55.078776640863616,-34.639395302171984,-69.91622972257817,-54.96749830806249,14.071100163867229,4
51,0.0009982585906982422,4.447640921158226e-06,0.0,0.0,CompassToCartesianTransformer(),StandardScaler(),"(Ridge(), {'ridge__alpha': [0.1, 1, 10]})","{'col_transformer__Direction': CompassToCartesianTransformer(), 'col_transformer__Speed': StandardScaler(), 'model': (Ridge(), {'ridge__alpha': [0.1, 1, 10]})}",,,,,,,,10
52,0.0004004955291748047,0.0004905055464914525,0.0,0.0,CompassToCartesianTransformer(),StandardScaler(),"(Lasso(), {'lasso__alpha': [0.1, 1, 10]})","{'col_transformer__Direction': CompassToCartesianTransformer(), 'col_transformer__Speed': StandardScaler(), 'model': (Lasso(), {'lasso__alpha': [0.1, 1, 10]})}",,,,,,,,10
53,0.0009996414184570313,4.6231077741778654e-07,0.0,0.0,CompassToCartesianTransformer(),StandardScaler(),"(ElasticNet(), {'elastic_net__alpha': [0.1, 1, 10], 'elastic_net__l1_ratio': [0.25, 0.5, 0.75]})","{'col_transformer__Direction': CompassToCartesianTransformer(), 'col_transformer__Speed': StandardScaler(), 'model': (ElasticNet(), {'elastic_net__alpha': [0.1, 1, 10], 'elastic_net__l1_ratio': [0.25, 0.5, 0.75]})}",,,,,,,,10
54,0.00100250244140625,3.0360712775672164e-06,0.0,0.0,CompassToCartesianTransformer(),StandardScaler(),"(DecisionTreeRegressor(), {'decision_tree__max_depth': [5, 10, 20]})","{'col_transformer__Direction': CompassToCartesianTransformer(), 'col_transformer__Speed': StandardScaler(), 'model': (DecisionTreeRegressor(), {'decision_tree__max_depth': [5, 10, 20]})}",,,,,,,,10
55,0.0003779411315917969,0.00046353355600389605,0.0,0.0,CompassToCartesianTransformer(),StandardScaler(),"(RandomForestRegressor(), {'random_forest__n_estimators': [50, 100, 200], 'random_forest__max_depth': [5, 10, 20]})","{'col_transformer__Direction': CompassToCartesianTransformer(), 'col_transformer__Speed': StandardScaler(), 'model': (RandomForestRegressor(), {'random_forest__n_estimators': [50, 100, 200], 'random_forest__max_depth': [5, 10, 20]})}",,,,,,,,10
56,0.0006032943725585938,0.0008232122913787801,0.0,0.0,CompassToCartesianTransformer(),StandardScaler(),"(GradientBoostingRegressor(), {'gradient_boosting__n_estimators': [50, 100, 200], 'gradient_boosting__learning_rate': [0.01, 0.1, 1], 'gradient_boosting__max_depth': [5, 10, 20]})","{'col_transformer__Direction': CompassToCartesianTransformer(), 'col_transformer__Speed': StandardScaler(), 'model': (GradientBoostingRegressor(), {'gradient_boosting__n_estimators': [50, 100, 200], 'gradient_boosting__learning_rate': [0.01, 0.1, 1], 'gradient_boosting__max_depth': [5, 10, 20]})}",,,,,,,,10
57,0.00018486976623535156,0.0003697395324707031,0.0,0.0,CompassToCartesianTransformer(),StandardScaler(),"(KNeighborsRegressor(), {'knn__n_neighbors': [5, 10, 20]})","{'col_transformer__Direction': CompassToCartesianTransformer(), 'col_transformer__Speed': StandardScaler(), 'model': (KNeighborsRegressor(), {'knn__n_neighbors': [5, 10, 20]})}",,,,,,,,10
58,0.0,0.0,0.0,0.0,CompassToCartesianTransformer(),StandardScaler(),"(SVR(), {'svr__C': [0.1, 1, 10], 'svr__gamma': ['scale', 'auto']})","{'col_transformer__Direction': CompassToCartesianTransformer(), 'col_transformer__Speed': StandardScaler(), 'model': (SVR(), {'svr__C': [0.1, 1, 10], 'svr__gamma': ['scale', 'auto']})}",,,,,,,,10
59,0.0007730960845947265,0.0003886406139427326,0.0,0.0,CompassToCartesianTransformer(),StandardScaler(),"(MLPRegressor(), {'mlp__hidden_layer_sizes': [(50,), (100,), (50, 50)], 'mlp__activation': ['relu', 'tanh', 'logistic'], 'mlp__alpha': [0.0001, 0.001, 0.01], 'mlp__learning_rate': ['constant', 'invscaling', 'adaptive']})","{'col_transformer__Direction': CompassToCartesianTransformer(), 'col_transformer__Speed': StandardScaler(), 'model': (MLPRegressor(), {'mlp__hidden_layer_sizes': [(50,), (100,), (50, 50)], 'mlp__activation': ['relu', 'tanh', 'logistic'], 'mlp__alpha': [0.0001, 0.001, 0.01], 'mlp__learning_rate': ['constant', 'invscaling', 'adaptive']})}",,,,,,,,10
60,0.004800558090209961,0.0004012806949137595,0.0031995773315429688,0.0003963032894286471,CompassToCartesianTransformer(),PolynomialFeatures(),LinearRegression(),"{'col_transformer__Direction': CompassToCartesianTransformer(), 'col_transformer__Speed': PolynomialFeatures(), 'model': LinearRegression()}",-34.21839709262522,-57.817678175700834,-51.618832352269486,-31.683460280877263,-35.410143915115064,-42.14970236331757,10.516837580822383,1
61,0.0006116390228271485,0.0004995769360448222,0.0,0.0,CompassToCartesianTransformer(),PolynomialFeatures(),"(Ridge(), {'ridge__alpha': [0.1, 1, 10]})","{'col_transformer__Direction': CompassToCartesianTransformer(), 'col_transformer__Speed': PolynomialFeatures(), 'model': (Ridge(), {'ridge__alpha': [0.1, 1, 10]})}",,,,,,,,10
62,0.0008000373840332031,0.0004000451363073581,0.0,0.0,CompassToCartesianTransformer(),PolynomialFeatures(),"(Lasso(), {'lasso__alpha': [0.1, 1, 10]})","{'col_transformer__Direction': CompassToCartesianTransformer(), 'col_transformer__Speed': PolynomialFeatures(), 'model': (Lasso(), {'lasso__alpha': [0.1, 1, 10]})}",,,,,,,,10
63,0.00019865036010742189,0.00039730072021484377,0.0,0.0,CompassToCartesianTransformer(),PolynomialFeatures(),"(ElasticNet(), {'elastic_net__alpha': [0.1, 1, 10], 'elastic_net__l1_ratio': [0.25, 0.5, 0.75]})","{'col_transformer__Direction': CompassToCartesianTransformer(), 'col_transformer__Speed': PolynomialFeatures(), 'model': (ElasticNet(), {'elastic_net__alpha': [0.1, 1, 10], 'elastic_net__l1_ratio': [0.25, 0.5, 0.75]})}",,,,,,,,10
64,0.0007980823516845703,0.0003990525823636831,0.0,0.0,CompassToCartesianTransformer(),PolynomialFeatures(),"(DecisionTreeRegressor(), {'decision_tree__max_depth': [5, 10, 20]})","{'col_transformer__Direction': CompassToCartesianTransformer(), 'col_transformer__Speed': PolynomialFeatures(), 'model': (DecisionTreeRegressor(), {'decision_tree__max_depth': [5, 10, 20]})}",,,,,,,,10
65,0.0007825851440429688,0.00039295549889195884,0.0,0.0,CompassToCartesianTransformer(),PolynomialFeatures(),"(RandomForestRegressor(), {'random_forest__n_estimators': [50, 100, 200], 'random_forest__max_depth': [5, 10, 20]})","{'col_transformer__Direction': CompassToCartesianTransformer(), 'col_transformer__Speed': PolynomialFeatures(), 'model': (RandomForestRegressor(), {'random_forest__n_estimators': [50, 100, 200], 'random_forest__max_depth': [5, 10, 20]})}",,,,,,,,10
66,0.00039997100830078123,0.000489862649992856,0.0,0.0,CompassToCartesianTransformer(),PolynomialFeatures(),"(GradientBoostingRegressor(), {'gradient_boosting__n_estimators': [50, 100, 200], 'gradient_boosting__learning_rate': [0.01, 0.1, 1], 'gradient_boosting__max_depth': [5, 10, 20]})","{'col_transformer__Direction': CompassToCartesianTransformer(), 'col_transformer__Speed': PolynomialFeatures(), 'model': (GradientBoostingRegressor(), {'gradient_boosting__n_estimators': [50, 100, 200], 'gradient_boosting__learning_rate': [0.01, 0.1, 1], 'gradient_boosting__max_depth': [5, 10, 20]})}",,,,,,,,10
67,0.0004052639007568359,0.0004963661907514732,0.0,0.0,CompassToCartesianTransformer(),PolynomialFeatures(),"(KNeighborsRegressor(), {'knn__n_neighbors': [5, 10, 20]})","{'col_transformer__Direction': CompassToCartesianTransformer(), 'col_transformer__Speed': PolynomialFeatures(), 'model': (KNeighborsRegressor(), {'knn__n_neighbors': [5, 10, 20]})}",,,,,,,,10
68,0.0005996227264404297,0.0004895946507516919,0.0,0.0,CompassToCartesianTransformer(),PolynomialFeatures(),"(SVR(), {'svr__C': [0.1, 1, 10], 'svr__gamma': ['scale', 'auto']})","{'col_transformer__Direction': CompassToCartesianTransformer(), 'col_transformer__Speed': PolynomialFeatures(), 'model': (SVR(), {'svr__C': [0.1, 1, 10], 'svr__gamma': ['scale', 'auto']})}",,,,,,,,10
69,0.0005985736846923828,0.0004887546353101954,0.0,0.0,CompassToCartesianTransformer(),PolynomialFeatures(),"(MLPRegressor(), {'mlp__hidden_layer_sizes': [(50,), (100,), (50, 50)], 'mlp__activation': ['relu', 'tanh', 'logistic'], 'mlp__alpha': [0.0001, 0.001, 0.01], 'mlp__learning_rate': ['constant', 'invscaling', 'adaptive']})","{'col_transformer__Direction': CompassToCartesianTransformer(), 'col_transformer__Speed': PolynomialFeatures(), 'model': (MLPRegressor(), {'mlp__hidden_layer_sizes': [(50,), (100,), (50, 50)], 'mlp__activation': ['relu', 'tanh', 'logistic'], 'mlp__alpha': [0.0001, 0.001, 0.01], 'mlp__learning_rate': ['constant', 'invscaling', 'adaptive']})}",,,,,,,,10
70,0.007999181747436523,0.0010948125805033701,0.0036018848419189452,0.0004912516231468602,CompassToCartesianTransformer(),EmpiricalWaveletTransform(log=True),LinearRegression(),"{'col_transformer__Direction': CompassToCartesianTransformer(), 'col_transformer__Speed': EmpiricalWaveletTransform(log=True), 'model': LinearRegression()}",-55.784592406773676,-86.58504626355521,-73.90921513670975,-46.28250997103724,-54.49865892208102,-63.412004540031376,14.684863112579528,6
71,0.001005077362060547,1.4777028894492369e-05,0.0,0.0,CompassToCartesianTransformer(),EmpiricalWaveletTransform(log=True),"(Ridge(), {'ridge__alpha': [0.1, 1, 10]})","{'col_transformer__Direction': CompassToCartesianTransformer(), 'col_transformer__Speed': EmpiricalWaveletTransform(log=True), 'model': (Ridge(), {'ridge__alpha': [0.1, 1, 10]})}",,,,,,,,10
72,0.00039920806884765627,0.0004889282442096391,0.0,0.0,CompassToCartesianTransformer(),EmpiricalWaveletTransform(log=True),"(Lasso(), {'lasso__alpha': [0.1, 1, 10]})","{'col_transformer__Direction': CompassToCartesianTransformer(), 'col_transformer__Speed': EmpiricalWaveletTransform(log=True), 'model': (Lasso(), {'lasso__alpha': [0.1, 1, 10]})}",,,,,,,,10
73,0.00039997100830078123,0.0004898624411217046,0.0,0.0,CompassToCartesianTransformer(),EmpiricalWaveletTransform(log=True),"(ElasticNet(), {'elastic_net__alpha': [0.1, 1, 10], 'elastic_net__l1_ratio': [0.25, 0.5, 0.75]})","{'col_transformer__Direction': CompassToCartesianTransformer(), 'col_transformer__Speed': EmpiricalWaveletTransform(log=True), 'model': (ElasticNet(), {'elastic_net__alpha': [0.1, 1, 10], 'elastic_net__l1_ratio': [0.25, 0.5, 0.75]})}",,,,,,,,10
74,0.0008000850677490235,0.00040010162261902576,0.0,0.0,CompassToCartesianTransformer(),EmpiricalWaveletTransform(log=True),"(DecisionTreeRegressor(), {'decision_tree__max_depth': [5, 10, 20]})","{'col_transformer__Direction': CompassToCartesianTransformer(), 'col_transformer__Speed': EmpiricalWaveletTransform(log=True), 'model': (DecisionTreeRegressor(), {'decision_tree__max_depth': [5, 10, 20]})}",,,,,,,,10
75,0.00039992332458496096,0.0004898045107513046,0.0,0.0,CompassToCartesianTransformer(),EmpiricalWaveletTransform(log=True),"(RandomForestRegressor(), {'random_forest__n_estimators': [50, 100, 200], 'random_forest__max_depth': [5, 10, 20]})","{'col_transformer__Direction': CompassToCartesianTransformer(), 'col_transformer__Speed': EmpiricalWaveletTransform(log=True), 'model': (RandomForestRegressor(), {'random_forest__n_estimators': [50, 100, 200], 'random_forest__max_depth': [5, 10, 20]})}",,,,,,,,10
76,0.0005999565124511719,0.0004898710975958976,0.0,0.0,CompassToCartesianTransformer(),EmpiricalWaveletTransform(log=True),"(GradientBoostingRegressor(), {'gradient_boosting__n_estimators': [50, 100, 200], 'gradient_boosting__learning_rate': [0.01, 0.1, 1], 'gradient_boosting__max_depth': [5, 10, 20]})","{'col_transformer__Direction': CompassToCartesianTransformer(), 'col_transformer__Speed': EmpiricalWaveletTransform(log=True), 'model': (GradientBoostingRegressor(), {'gradient_boosting__n_estimators': [50, 100, 200], 'gradient_boosting__learning_rate': [0.01, 0.1, 1], 'gradient_boosting__max_depth': [5, 10, 20]})}",,,,,,,,10
77,0.0006021976470947266,0.0004917141769724919,0.0,0.0,CompassToCartesianTransformer(),EmpiricalWaveletTransform(log=True),"(KNeighborsRegressor(), {'knn__n_neighbors': [5, 10, 20]})","{'col_transformer__Direction': CompassToCartesianTransformer(), 'col_transformer__Speed': EmpiricalWaveletTransform(log=True), 'model': (KNeighborsRegressor(), {'knn__n_neighbors': [5, 10, 20]})}",,,,,,,,10
78,0.0006020069122314453,0.0004915414965364924,0.0,0.0,CompassToCartesianTransformer(),EmpiricalWaveletTransform(log=True),"(SVR(), {'svr__C': [0.1, 1, 10], 'svr__gamma': ['scale', 'auto']})","{'col_transformer__Direction': CompassToCartesianTransformer(), 'col_transformer__Speed': EmpiricalWaveletTransform(log=True), 'model': (SVR(), {'svr__C': [0.1, 1, 10], 'svr__gamma': ['scale', 'auto']})}",,,,,,,,10
79,0.0009976863861083985,4.57763671875e-06,0.0,0.0,CompassToCartesianTransformer(),EmpiricalWaveletTransform(log=True),"(MLPRegressor(), {'mlp__hidden_layer_sizes': [(50,), (100,), (50, 50)], 'mlp__activation': ['relu', 'tanh', 'logistic'], 'mlp__alpha': [0.0001, 0.001, 0.01], 'mlp__learning_rate': ['constant', 'invscaling', 'adaptive']})","{'col_transformer__Direction': CompassToCartesianTransformer(), 'col_transformer__Speed': EmpiricalWaveletTransform(log=True), 'model': (MLPRegressor(), {'mlp__hidden_layer_sizes': [(50,), (100,), (50, 50)], 'mlp__activation': ['relu', 'tanh', 'logistic'], 'mlp__alpha': [0.0001, 0.001, 0.01], 'mlp__learning_rate': ['constant', 'invscaling', 'adaptive']})}",,,,,,,,10
80,0.0006016254425048828,0.000491297535289597,0.0,0.0,OneHotEncoder(),,LinearRegression(),"{'col_transformer__Direction': OneHotEncoder(), 'col_transformer__Speed': None, 'model': LinearRegression()}",,,,,,,,10
81,0.0008247852325439453,0.00041500961522688694,0.0,0.0,OneHotEncoder(),,"(Ridge(), {'ridge__alpha': [0.1, 1, 10]})","{'col_transformer__Direction': OneHotEncoder(), 'col_transformer__Speed': None, 'model': (Ridge(), {'ridge__alpha': [0.1, 1, 10]})}",,,,,,,,10
82,0.00020003318786621094,0.0004000663757324219,0.0,0.0,OneHotEncoder(),,"(Lasso(), {'lasso__alpha': [0.1, 1, 10]})","{'col_transformer__Direction': OneHotEncoder(), 'col_transformer__Speed': None, 'model': (Lasso(), {'lasso__alpha': [0.1, 1, 10]})}",,,,,,,,10
83,0.0007998466491699219,0.00039992396419551775,0.0,0.0,OneHotEncoder(),,"(ElasticNet(), {'elastic_net__alpha': [0.1, 1, 10], 'elastic_net__l1_ratio': [0.25, 0.5, 0.75]})","{'col_transformer__Direction': OneHotEncoder(), 'col_transformer__Speed': None, 'model': (ElasticNet(), {'elastic_net__alpha': [0.1, 1, 10], 'elastic_net__l1_ratio': [0.25, 0.5, 0.75]})}",,,,,,,,10
84,0.00040001869201660155,0.000489920893719676,0.0,0.0,OneHotEncoder(),,"(DecisionTreeRegressor(), {'decision_tree__max_depth': [5, 10, 20]})","{'col_transformer__Direction': OneHotEncoder(), 'col_transformer__Speed': None, 'model': (DecisionTreeRegressor(), {'decision_tree__max_depth': [5, 10, 20]})}",,,,,,,,10
85,0.000786447525024414,0.00039368998381479945,0.0,0.0,OneHotEncoder(),,"(RandomForestRegressor(), {'random_forest__n_estimators': [50, 100, 200], 'random_forest__max_depth': [5, 10, 20]})","{'col_transformer__Direction': OneHotEncoder(), 'col_transformer__Speed': None, 'model': (RandomForestRegressor(), {'random_forest__n_estimators': [50, 100, 200], 'random_forest__max_depth': [5, 10, 20]})}",,,,,,,,10
86,0.0005984306335449219,0.0004886278816404157,0.0,0.0,OneHotEncoder(),,"(GradientBoostingRegressor(), {'gradient_boosting__n_estimators': [50, 100, 200], 'gradient_boosting__learning_rate': [0.01, 0.1, 1], 'gradient_boosting__max_depth': [5, 10, 20]})","{'col_transformer__Direction': OneHotEncoder(), 'col_transformer__Speed': None, 'model': (GradientBoostingRegressor(), {'gradient_boosting__n_estimators': [50, 100, 200], 'gradient_boosting__learning_rate': [0.01, 0.1, 1], 'gradient_boosting__max_depth': [5, 10, 20]})}",,,,,,,,10
87,0.00020375251770019532,0.00040750503540039064,0.0,0.0,OneHotEncoder(),,"(KNeighborsRegressor(), {'knn__n_neighbors': [5, 10, 20]})","{'col_transformer__Direction': OneHotEncoder(), 'col_transformer__Speed': None, 'model': (KNeighborsRegressor(), {'knn__n_neighbors': [5, 10, 20]})}",,,,,,,,10
88,0.00059814453125,0.0004884802889462516,0.0,0.0,OneHotEncoder(),,"(SVR(), {'svr__C': [0.1, 1, 10], 'svr__gamma': ['scale', 'auto']})","{'col_transformer__Direction': OneHotEncoder(), 'col_transformer__Speed': None, 'model': (SVR(), {'svr__C': [0.1, 1, 10], 'svr__gamma': ['scale', 'auto']})}",,,,,,,,10
89,0.0006012916564941406,0.0004909759767714241,0.0,0.0,OneHotEncoder(),,"(MLPRegressor(), {'mlp__hidden_layer_sizes': [(50,), (100,), (50, 50)], 'mlp__activation': ['relu', 'tanh', 'logistic'], 'mlp__alpha': [0.0001, 0.001, 0.01], 'mlp__learning_rate': ['constant', 'invscaling', 'adaptive']})","{'col_transformer__Direction': OneHotEncoder(), 'col_transformer__Speed': None, 'model': (MLPRegressor(), {'mlp__hidden_layer_sizes': [(50,), (100,), (50, 50)], 'mlp__activation': ['relu', 'tanh', 'logistic'], 'mlp__alpha': [0.0001, 0.001, 0.01], 'mlp__learning_rate': ['constant', 'invscaling', 'adaptive']})}",,,,,,,,10
90,0.005804252624511719,0.0007473615803608322,0.0019979000091552733,2.4145105173439338e-06,OneHotEncoder(),StandardScaler(),LinearRegression(),"{'col_transformer__Direction': OneHotEncoder(), 'col_transformer__Speed': StandardScaler(), 'model': LinearRegression()}",-42.8555152942279,-68.49805239339818,-63.015787963688794,-37.78853350994986,-68.20032270424535,-56.07164237310202,13.104806715229865,5
91,0.00019922256469726563,0.0003984451293945312,0.0,0.0,OneHotEncoder(),StandardScaler(),"(Ridge(), {'ridge__alpha': [0.1, 1, 10]})","{'col_transformer__Direction': OneHotEncoder(), 'col_transformer__Speed': StandardScaler(), 'model': (Ridge(), {'ridge__alpha': [0.1, 1, 10]})}",,,,,,,,10
92,0.00040268898010253906,0.0004932099861831901,0.0,0.0,OneHotEncoder(),StandardScaler(),"(Lasso(), {'lasso__alpha': [0.1, 1, 10]})","{'col_transformer__Direction': OneHotEncoder(), 'col_transformer__Speed': StandardScaler(), 'model': (Lasso(), {'lasso__alpha': [0.1, 1, 10]})}",,,,,,,,10
93,0.0005970001220703125,0.0004874550266413415,0.0,0.0,OneHotEncoder(),StandardScaler(),"(ElasticNet(), {'elastic_net__alpha': [0.1, 1, 10], 'elastic_net__l1_ratio': [0.25, 0.5, 0.75]})","{'col_transformer__Direction': OneHotEncoder(), 'col_transformer__Speed': StandardScaler(), 'model': (ElasticNet(), {'elastic_net__alpha': [0.1, 1, 10], 'elastic_net__l1_ratio': [0.25, 0.5, 0.75]})}",,,,,,,,10
94,0.0009999752044677734,1.784161275279017e-07,0.0,0.0,OneHotEncoder(),StandardScaler(),"(DecisionTreeRegressor(), {'decision_tree__max_depth': [5, 10, 20]})","{'col_transformer__Direction': OneHotEncoder(), 'col_transformer__Speed': StandardScaler(), 'model': (DecisionTreeRegressor(), {'decision_tree__max_depth': [5, 10, 20]})}",,,,,,,,10
95,0.0008004188537597656,0.0004002100092196082,0.0,0.0,OneHotEncoder(),StandardScaler(),"(RandomForestRegressor(), {'random_forest__n_estimators': [50, 100, 200], 'random_forest__max_depth': [5, 10, 20]})","{'col_transformer__Direction': OneHotEncoder(), 'col_transformer__Speed': StandardScaler(), 'model': (RandomForestRegressor(), {'random_forest__n_estimators': [50, 100, 200], 'random_forest__max_depth': [5, 10, 20]})}",,,,,,,,10
96,0.00019936561584472657,0.0003987312316894531,0.0,0.0,OneHotEncoder(),StandardScaler(),"(GradientBoostingRegressor(), {'gradient_boosting__n_estimators': [50, 100, 200], 'gradient_boosting__learning_rate': [0.01, 0.1, 1], 'gradient_boosting__max_depth': [5, 10, 20]})","{'col_transformer__Direction': OneHotEncoder(), 'col_transformer__Speed': StandardScaler(), 'model': (GradientBoostingRegressor(), {'gradient_boosting__n_estimators': [50, 100, 200], 'gradient_boosting__learning_rate': [0.01, 0.1, 1], 'gradient_boosting__max_depth': [5, 10, 20]})}",,,,,,,,10
97,0.0,0.0,0.0,0.0,OneHotEncoder(),StandardScaler(),"(KNeighborsRegressor(), {'knn__n_neighbors': [5, 10, 20]})","{'col_transformer__Direction': OneHotEncoder(), 'col_transformer__Speed': StandardScaler(), 'model': (KNeighborsRegressor(), {'knn__n_neighbors': [5, 10, 20]})}",,,,,,,,10
98,0.00019979476928710938,0.00039958953857421875,0.0,0.0,OneHotEncoder(),StandardScaler(),"(SVR(), {'svr__C': [0.1, 1, 10], 'svr__gamma': ['scale', 'auto']})","{'col_transformer__Direction': OneHotEncoder(), 'col_transformer__Speed': StandardScaler(), 'model': (SVR(), {'svr__C': [0.1, 1, 10], 'svr__gamma': ['scale', 'auto']})}",,,,,,,,10
99,0.0007963180541992188,0.0003981803271598128,0.0,0.0,OneHotEncoder(),StandardScaler(),"(MLPRegressor(), {'mlp__hidden_layer_sizes': [(50,), (100,), (50, 50)], 'mlp__activation': ['relu', 'tanh', 'logistic'], 'mlp__alpha': [0.0001, 0.001, 0.01], 'mlp__learning_rate': ['constant', 'invscaling', 'adaptive']})","{'col_transformer__Direction': OneHotEncoder(), 'col_transformer__Speed': StandardScaler(), 'model': (MLPRegressor(), {'mlp__hidden_layer_sizes': [(50,), (100,), (50, 50)], 'mlp__activation': ['relu', 'tanh', 'logistic'], 'mlp__alpha': [0.0001, 0.001, 0.01], 'mlp__learning_rate': ['constant', 'invscaling', 'adaptive']})}",,,,,,,,10
100,0.004999113082885742,0.000894577383208078,0.002000761032104492,1.3687801451117825e-06,OneHotEncoder(),PolynomialFeatures(),LinearRegression(),"{'col_transformer__Direction': OneHotEncoder(), 'col_transformer__Speed': PolynomialFeatures(), 'model': LinearRegression()}",-35.693700363968645,-60.14646345690446,-58.45919964356703,-34.81542995551586,-39.406860485405986,-45.7043307810724,11.222307165527248,2
101,0.0008016109466552734,0.00040086348535696274,0.0,0.0,OneHotEncoder(),PolynomialFeatures(),"(Ridge(), {'ridge__alpha': [0.1, 1, 10]})","{'col_transformer__Direction': OneHotEncoder(), 'col_transformer__Speed': PolynomialFeatures(), 'model': (Ridge(), {'ridge__alpha': [0.1, 1, 10]})}",,,,,,,,10
102,0.0,0.0,0.0,0.0,OneHotEncoder(),PolynomialFeatures(),"(Lasso(), {'lasso__alpha': [0.1, 1, 10]})","{'col_transformer__Direction': OneHotEncoder(), 'col_transformer__Speed': PolynomialFeatures(), 'model': (Lasso(), {'lasso__alpha': [0.1, 1, 10]})}",,,,,,,,10
103,0.0,0.0,0.0,0.0,OneHotEncoder(),PolynomialFeatures(),"(ElasticNet(), {'elastic_net__alpha': [0.1, 1, 10], 'elastic_net__l1_ratio': [0.25, 0.5, 0.75]})","{'col_transformer__Direction': OneHotEncoder(), 'col_transformer__Speed': PolynomialFeatures(), 'model': (ElasticNet(), {'elastic_net__alpha': [0.1, 1, 10], 'elastic_net__l1_ratio': [0.25, 0.5, 0.75]})}",,,,,,,,10
104,0.0,0.0,0.0,0.0,OneHotEncoder(),PolynomialFeatures(),"(DecisionTreeRegressor(), {'decision_tree__max_depth': [5, 10, 20]})","{'col_transformer__Direction': OneHotEncoder(), 'col_transformer__Speed': PolynomialFeatures(), 'model': (DecisionTreeRegressor(), {'decision_tree__max_depth': [5, 10, 20]})}",,,,,,,,10
105,0.0,0.0,0.0,0.0,OneHotEncoder(),PolynomialFeatures(),"(RandomForestRegressor(), {'random_forest__n_estimators': [50, 100, 200], 'random_forest__max_depth': [5, 10, 20]})","{'col_transformer__Direction': OneHotEncoder(), 'col_transformer__Speed': PolynomialFeatures(), 'model': (RandomForestRegressor(), {'random_forest__n_estimators': [50, 100, 200], 'random_forest__max_depth': [5, 10, 20]})}",,,,,,,,10
106,0.0010000228881835937,3.2340669551493016e-07,0.0,0.0,OneHotEncoder(),PolynomialFeatures(),"(GradientBoostingRegressor(), {'gradient_boosting__n_estimators': [50, 100, 200], 'gradient_boosting__learning_rate': [0.01, 0.1, 1], 'gradient_boosting__max_depth': [5, 10, 20]})","{'col_transformer__Direction': OneHotEncoder(), 'col_transformer__Speed': PolynomialFeatures(), 'model': (GradientBoostingRegressor(), {'gradient_boosting__n_estimators': [50, 100, 200], 'gradient_boosting__learning_rate': [0.01, 0.1, 1], 'gradient_boosting__max_depth': [5, 10, 20]})}",,,,,,,,10
107,0.0007992267608642578,0.0003996295499230148,0.0,0.0,OneHotEncoder(),PolynomialFeatures(),"(KNeighborsRegressor(), {'knn__n_neighbors': [5, 10, 20]})","{'col_transformer__Direction': OneHotEncoder(), 'col_transformer__Speed': PolynomialFeatures(), 'model': (KNeighborsRegressor(), {'knn__n_neighbors': [5, 10, 20]})}",,,,,,,,10
108,0.0,0.0,0.0,0.0,OneHotEncoder(),PolynomialFeatures(),"(SVR(), {'svr__C': [0.1, 1, 10], 'svr__gamma': ['scale', 'auto']})","{'col_transformer__Direction': OneHotEncoder(), 'col_transformer__Speed': PolynomialFeatures(), 'model': (SVR(), {'svr__C': [0.1, 1, 10], 'svr__gamma': ['scale', 'auto']})}",,,,,,,,10
109,0.0005999565124511719,0.0004898624643296147,0.0,0.0,OneHotEncoder(),PolynomialFeatures(),"(MLPRegressor(), {'mlp__hidden_layer_sizes': [(50,), (100,), (50, 50)], 'mlp__activation': ['relu', 'tanh', 'logistic'], 'mlp__alpha': [0.0001, 0.001, 0.01], 'mlp__learning_rate': ['constant', 'invscaling', 'adaptive']})","{'col_transformer__Direction': OneHotEncoder(), 'col_transformer__Speed': PolynomialFeatures(), 'model': (MLPRegressor(), {'mlp__hidden_layer_sizes': [(50,), (100,), (50, 50)], 'mlp__activation': ['relu', 'tanh', 'logistic'], 'mlp__alpha': [0.0001, 0.001, 0.01], 'mlp__learning_rate': ['constant', 'invscaling', 'adaptive']})}",,,,,,,,10
110,0.007801246643066406,0.0007497283116293578,0.002997875213623047,3.461588175369556e-06,OneHotEncoder(),EmpiricalWaveletTransform(log=True),LinearRegression(),"{'col_transformer__Direction': OneHotEncoder(), 'col_transformer__Speed': EmpiricalWaveletTransform(log=True), 'model': LinearRegression()}",-54.38009985112852,-88.20598088344141,-81.96571706946051,-46.12783090076862,-54.26024924579241,-64.98797559011828,16.796640577543794,7
111,0.00020008087158203126,0.0004001617431640625,0.0,0.0,OneHotEncoder(),EmpiricalWaveletTransform(log=True),"(Ridge(), {'ridge__alpha': [0.1, 1, 10]})","{'col_transformer__Direction': OneHotEncoder(), 'col_transformer__Speed': EmpiricalWaveletTransform(log=True), 'model': (Ridge(), {'ridge__alpha': [0.1, 1, 10]})}",,,,,,,,10
112,0.0004001617431640625,0.0004900962514388981,0.0,0.0,OneHotEncoder(),EmpiricalWaveletTransform(log=True),"(Lasso(), {'lasso__alpha': [0.1, 1, 10]})","{'col_transformer__Direction': OneHotEncoder(), 'col_transformer__Speed': EmpiricalWaveletTransform(log=True), 'model': (Lasso(), {'lasso__alpha': [0.1, 1, 10]})}",,,,,,,,10
113,0.0005985260009765625,0.0004887021335114617,0.0,0.0,OneHotEncoder(),EmpiricalWaveletTransform(log=True),"(ElasticNet(), {'elastic_net__alpha': [0.1, 1, 10], 'elastic_net__l1_ratio': [0.25, 0.5, 0.75]})","{'col_transformer__Direction': OneHotEncoder(), 'col_transformer__Speed': EmpiricalWaveletTransform(log=True), 'model': (ElasticNet(), {'elastic_net__alpha': [0.1, 1, 10], 'elastic_net__l1_ratio': [0.25, 0.5, 0.75]})}",,,,,,,,10
114,0.0004000663757324219,0.000489979265096882,0.0,0.0,OneHotEncoder(),EmpiricalWaveletTransform(log=True),"(DecisionTreeRegressor(), {'decision_tree__max_depth': [5, 10, 20]})","{'col_transformer__Direction': OneHotEncoder(), 'col_transformer__Speed': EmpiricalWaveletTransform(log=True), 'model': (DecisionTreeRegressor(), {'decision_tree__max_depth': [5, 10, 20]})}",,,,,,,,10
115,0.0005999565124511719,0.0004898624643296147,0.0,0.0,OneHotEncoder(),EmpiricalWaveletTransform(log=True),"(RandomForestRegressor(), {'random_forest__n_estimators': [50, 100, 200], 'random_forest__max_depth': [5, 10, 20]})","{'col_transformer__Direction': OneHotEncoder(), 'col_transformer__Speed': EmpiricalWaveletTransform(log=True), 'model': (RandomForestRegressor(), {'random_forest__n_estimators': [50, 100, 200], 'random_forest__max_depth': [5, 10, 20]})}",,,,,,,,10
116,0.00039920806884765627,0.0004889286162455632,0.0,0.0,OneHotEncoder(),EmpiricalWaveletTransform(log=True),"(GradientBoostingRegressor(), {'gradient_boosting__n_estimators': [50, 100, 200], 'gradient_boosting__learning_rate': [0.01, 0.1, 1], 'gradient_boosting__max_depth': [5, 10, 20]})","{'col_transformer__Direction': OneHotEncoder(), 'col_transformer__Speed': EmpiricalWaveletTransform(log=True), 'model': (GradientBoostingRegressor(), {'gradient_boosting__n_estimators': [50, 100, 200], 'gradient_boosting__learning_rate': [0.01, 0.1, 1], 'gradient_boosting__max_depth': [5, 10, 20]})}",,,,,,,,10
117,0.000600433349609375,0.0004902523413080583,0.0,0.0,OneHotEncoder(),EmpiricalWaveletTransform(log=True),"(KNeighborsRegressor(), {'knn__n_neighbors': [5, 10, 20]})","{'col_transformer__Direction': OneHotEncoder(), 'col_transformer__Speed': EmpiricalWaveletTransform(log=True), 'model': (KNeighborsRegressor(), {'knn__n_neighbors': [5, 10, 20]})}",,,,,,,,10
118,0.0004038810729980469,0.0004946918135621699,0.0,0.0,OneHotEncoder(),EmpiricalWaveletTransform(log=True),"(SVR(), {'svr__C': [0.1, 1, 10], 'svr__gamma': ['scale', 'auto']})","{'col_transformer__Direction': OneHotEncoder(), 'col_transformer__Speed': EmpiricalWaveletTransform(log=True), 'model': (SVR(), {'svr__C': [0.1, 1, 10], 'svr__gamma': ['scale', 'auto']})}",,,,,,,,10
119,0.0004001140594482422,0.0004900379264760838,0.0,0.0,OneHotEncoder(),EmpiricalWaveletTransform(log=True),"(MLPRegressor(), {'mlp__hidden_layer_sizes': [(50,), (100,), (50, 50)], 'mlp__activation': ['relu', 'tanh', 'logistic'], 'mlp__alpha': [0.0001, 0.001, 0.01], 'mlp__learning_rate': ['constant', 'invscaling', 'adaptive']})","{'col_transformer__Direction': OneHotEncoder(), 'col_transformer__Speed': EmpiricalWaveletTransform(log=True), 'model': (MLPRegressor(), {'mlp__hidden_layer_sizes': [(50,), (100,), (50, 50)], 'mlp__activation': ['relu', 'tanh', 'logistic'], 'mlp__alpha': [0.0001, 0.001, 0.01], 'mlp__learning_rate': ['constant', 'invscaling', 'adaptive']})}",,,,,,,,10
