mean_fit_time,std_fit_time,mean_score_time,std_score_time,param_col_transformer__Direction,param_col_transformer__Speed,param_col_transformer__time,param_model,params,split0_test_score,split1_test_score,split2_test_score,split3_test_score,split4_test_score,mean_test_score,std_test_score,rank_test_score
0.0025035381317138673,0.0006372794843126623,0.0,0.0,drop,,drop,LinearRegression(),"{'col_transformer__Direction': 'drop', 'col_transformer__Speed': None, 'col_transformer__time': 'drop', 'model': LinearRegression()}",,,,,,,,109
0.002658367156982422,0.0008928623312754714,0.0,0.0,drop,,drop,"MLPRegressor(activation='tanh', hidden_layer_sizes=(150, 150), solver='sgd')","{'col_transformer__Direction': 'drop', 'col_transformer__Speed': None, 'col_transformer__time': 'drop', 'model': MLPRegressor(activation='tanh', hidden_layer_sizes=(150, 150), solver='sgd')}",,,,,,,,109
0.0022553920745849608,0.0005107164689013219,0.0,0.0,drop,,drop,SVR(),"{'col_transformer__Direction': 'drop', 'col_transformer__Speed': None, 'col_transformer__time': 'drop', 'model': SVR()}",,,,,,,,109
0.0019762516021728516,0.0005880212882609176,0.0,0.0,drop,,drop,HuberRegressor(),"{'col_transformer__Direction': 'drop', 'col_transformer__Speed': None, 'col_transformer__time': 'drop', 'model': HuberRegressor()}",,,,,,,,109
0.0015023708343505859,0.00044735259143454325,0.0,0.0,drop,,drop,RANSACRegressor(min_samples=0.1),"{'col_transformer__Direction': 'drop', 'col_transformer__Speed': None, 'col_transformer__time': 'drop', 'model': RANSACRegressor(min_samples=0.1)}",,,,,,,,109
0.0019997596740722657,6.14361702286011e-07,0.0,0.0,drop,,drop,"GaussianProcessRegressor(alpha=0.1, kernel=RBF(length_scale=1))","{'col_transformer__Direction': 'drop', 'col_transformer__Speed': None, 'col_transformer__time': 'drop', 'model': GaussianProcessRegressor(alpha=0.1, kernel=RBF(length_scale=1))}",,,,,,,,109
0.001462697982788086,0.0004951861251640462,0.0,0.0,drop,,,LinearRegression(),"{'col_transformer__Direction': 'drop', 'col_transformer__Speed': None, 'col_transformer__time': None, 'model': LinearRegression()}",,,,,,,,109
0.0017348766326904298,0.0006209295514308255,0.0,0.0,drop,,,"MLPRegressor(activation='tanh', hidden_layer_sizes=(150, 150), solver='sgd')","{'col_transformer__Direction': 'drop', 'col_transformer__Speed': None, 'col_transformer__time': None, 'model': MLPRegressor(activation='tanh', hidden_layer_sizes=(150, 150), solver='sgd')}",,,,,,,,109
0.001663541793823242,0.0005542494837654229,0.0,0.0,drop,,,SVR(),"{'col_transformer__Direction': 'drop', 'col_transformer__Speed': None, 'col_transformer__time': None, 'model': SVR()}",,,,,,,,109
0.0009999275207519531,9.416779355111837e-07,0.0,0.0,drop,,,HuberRegressor(),"{'col_transformer__Direction': 'drop', 'col_transformer__Speed': None, 'col_transformer__time': None, 'model': HuberRegressor()}",,,,,,,,109
0.0013998031616210937,0.0008001090001887957,0.0,0.0,drop,,,RANSACRegressor(min_samples=0.1),"{'col_transformer__Direction': 'drop', 'col_transformer__Speed': None, 'col_transformer__time': None, 'model': RANSACRegressor(min_samples=0.1)}",,,,,,,,109
0.001001882553100586,4.3972556623071686e-06,0.0,0.0,drop,,,"GaussianProcessRegressor(alpha=0.1, kernel=RBF(length_scale=1))","{'col_transformer__Direction': 'drop', 'col_transformer__Speed': None, 'col_transformer__time': None, 'model': GaussianProcessRegressor(alpha=0.1, kernel=RBF(length_scale=1))}",,,,,,,,109
0.0015047550201416015,0.0004453084059034809,0.0,0.0,drop,,TimestampTransformer(),LinearRegression(),"{'col_transformer__Direction': 'drop', 'col_transformer__Speed': None, 'col_transformer__time': TimestampTransformer(), 'model': LinearRegression()}",,,,,,,,109
0.0017995834350585938,0.00040090229764090033,0.0,0.0,drop,,TimestampTransformer(),"MLPRegressor(activation='tanh', hidden_layer_sizes=(150, 150), solver='sgd')","{'col_transformer__Direction': 'drop', 'col_transformer__Speed': None, 'col_transformer__time': TimestampTransformer(), 'model': MLPRegressor(activation='tanh', hidden_layer_sizes=(150, 150), solver='sgd')}",,,,,,,,109
0.0020446300506591795,0.0006379053720214935,0.0,0.0,drop,,TimestampTransformer(),SVR(),"{'col_transformer__Direction': 'drop', 'col_transformer__Speed': None, 'col_transformer__time': TimestampTransformer(), 'model': SVR()}",,,,,,,,109
0.0014005661010742187,0.0004896111278154129,0.0,0.0,drop,,TimestampTransformer(),HuberRegressor(),"{'col_transformer__Direction': 'drop', 'col_transformer__Speed': None, 'col_transformer__time': TimestampTransformer(), 'model': HuberRegressor()}",,,,,,,,109
0.0010019779205322266,3.722996005238177e-06,0.0,0.0,drop,,TimestampTransformer(),RANSACRegressor(min_samples=0.1),"{'col_transformer__Direction': 'drop', 'col_transformer__Speed': None, 'col_transformer__time': TimestampTransformer(), 'model': RANSACRegressor(min_samples=0.1)}",,,,,,,,109
0.001136636734008789,0.00027044913970050667,0.0,0.0,drop,,TimestampTransformer(),"GaussianProcessRegressor(alpha=0.1, kernel=RBF(length_scale=1))","{'col_transformer__Direction': 'drop', 'col_transformer__Speed': None, 'col_transformer__time': TimestampTransformer(), 'model': GaussianProcessRegressor(alpha=0.1, kernel=RBF(length_scale=1))}",,,,,,,,109
0.01551647186279297,0.0039260147565068565,0.004912233352661133,0.0003830938811568088,drop,StandardScaler(),drop,LinearRegression(),"{'col_transformer__Direction': 'drop', 'col_transformer__Speed': StandardScaler(), 'col_transformer__time': 'drop', 'model': LinearRegression()}",0.45137551711039214,0.3942997917075123,-0.20450599564801153,0.6341975945872425,0.6874493246310112,0.3925632464776293,0.3178988945982178,48
0.8498068809509277,0.5642090509375716,0.0057026386260986325,0.00037796498472920817,drop,StandardScaler(),drop,"MLPRegressor(activation='tanh', hidden_layer_sizes=(150, 150), solver='sgd')","{'col_transformer__Direction': 'drop', 'col_transformer__Speed': StandardScaler(), 'col_transformer__time': 'drop', 'model': MLPRegressor(activation='tanh', hidden_layer_sizes=(150, 150), solver='sgd')}",0.36861460046990446,0.5007217447713992,0.5036941354897093,0.7169029222371908,0.826166464744212,0.5832199735424831,0.16497267117854783,18
0.022884368896484375,0.01135029596478152,0.011002349853515624,0.00316473356207568,drop,StandardScaler(),drop,SVR(),"{'col_transformer__Direction': 'drop', 'col_transformer__Speed': StandardScaler(), 'col_transformer__time': 'drop', 'model': SVR()}",0.4323951279585655,0.506863052859166,0.5629503598679082,0.7167990375689016,0.8331471716035485,0.6104309499716181,0.14532319505561514,9
0.015064430236816407,0.0008290767189741546,0.0051419734954833984,0.00022542539063906403,drop,StandardScaler(),drop,HuberRegressor(),"{'col_transformer__Direction': 'drop', 'col_transformer__Speed': StandardScaler(), 'col_transformer__time': 'drop', 'model': HuberRegressor()}",0.4252451675014196,0.3548921491525068,-0.37123272084835945,0.6333101808469692,0.691610044817984,0.34676496429410403,0.38020314569713115,57
0.18461360931396484,0.01668732448023731,0.0047986507415771484,0.0003986368053826717,drop,StandardScaler(),drop,RANSACRegressor(min_samples=0.1),"{'col_transformer__Direction': 'drop', 'col_transformer__Speed': StandardScaler(), 'col_transformer__time': 'drop', 'model': RANSACRegressor(min_samples=0.1)}",0.15517589678842547,0.2781180430697111,-0.7368883976544436,0.5854124289545899,0.6281899984632117,0.1820015939242989,0.4931817516112182,75
0.11204357147216797,0.07516896410795332,0.00674891471862793,0.000387216259506202,drop,StandardScaler(),drop,"GaussianProcessRegressor(alpha=0.1, kernel=RBF(length_scale=1))","{'col_transformer__Direction': 'drop', 'col_transformer__Speed': StandardScaler(), 'col_transformer__time': 'drop', 'model': GaussianProcessRegressor(alpha=0.1, kernel=RBF(length_scale=1))}",0.3208011095701543,0.49091396677464294,0.5964845622616572,0.7296534085832779,0.8296749794019264,0.5935056053183317,0.17844543035545862,11
0.0016621112823486327,0.0004241499249362608,0.0,0.0,drop,StandardScaler(),,LinearRegression(),"{'col_transformer__Direction': 'drop', 'col_transformer__Speed': StandardScaler(), 'col_transformer__time': None, 'model': LinearRegression()}",,,,,,,,109
0.001313161849975586,0.0004276033434189548,0.0,0.0,drop,StandardScaler(),,"MLPRegressor(activation='tanh', hidden_layer_sizes=(150, 150), solver='sgd')","{'col_transformer__Direction': 'drop', 'col_transformer__Speed': StandardScaler(), 'col_transformer__time': None, 'model': MLPRegressor(activation='tanh', hidden_layer_sizes=(150, 150), solver='sgd')}",,,,,,,,109
0.0013999462127685547,0.000372285382511677,0.0,0.0,drop,StandardScaler(),,SVR(),"{'col_transformer__Direction': 'drop', 'col_transformer__Speed': StandardScaler(), 'col_transformer__time': None, 'model': SVR()}",,,,,,,,109
0.001201629638671875,0.0003986530037895955,0.0,0.0,drop,StandardScaler(),,HuberRegressor(),"{'col_transformer__Direction': 'drop', 'col_transformer__Speed': StandardScaler(), 'col_transformer__time': None, 'model': HuberRegressor()}",,,,,,,,109
0.0013985157012939454,0.0008004021617285644,0.0,0.0,drop,StandardScaler(),,RANSACRegressor(min_samples=0.1),"{'col_transformer__Direction': 'drop', 'col_transformer__Speed': StandardScaler(), 'col_transformer__time': None, 'model': RANSACRegressor(min_samples=0.1)}",,,,,,,,109
0.001199817657470703,0.00039906540229205415,0.0,0.0,drop,StandardScaler(),,"GaussianProcessRegressor(alpha=0.1, kernel=RBF(length_scale=1))","{'col_transformer__Direction': 'drop', 'col_transformer__Speed': StandardScaler(), 'col_transformer__time': None, 'model': GaussianProcessRegressor(alpha=0.1, kernel=RBF(length_scale=1))}",,,,,,,,109
0.009732675552368165,0.0006433139691847681,0.005034255981445313,0.0006348429737912081,drop,StandardScaler(),TimestampTransformer(),LinearRegression(),"{'col_transformer__Direction': 'drop', 'col_transformer__Speed': StandardScaler(), 'col_transformer__time': TimestampTransformer(), 'model': LinearRegression()}",0.45137551711039214,0.3942997917075123,-0.20450599564801153,0.6341975945872425,0.6874493246310112,0.3925632464776293,0.3178988945982178,48
0.797191047668457,0.4725619352990493,0.007863903045654297,0.002596308764181771,drop,StandardScaler(),TimestampTransformer(),"MLPRegressor(activation='tanh', hidden_layer_sizes=(150, 150), solver='sgd')","{'col_transformer__Direction': 'drop', 'col_transformer__Speed': StandardScaler(), 'col_transformer__time': TimestampTransformer(), 'model': MLPRegressor(activation='tanh', hidden_layer_sizes=(150, 150), solver='sgd')}",0.36331178465433744,0.5201564137454189,0.4952733859686407,0.7166307490028543,0.8249496794839754,0.5840644025710453,0.16510563092868896,17
0.022199344635009766,0.009786154358452762,0.012404155731201173,0.0027981299779170155,drop,StandardScaler(),TimestampTransformer(),SVR(),"{'col_transformer__Direction': 'drop', 'col_transformer__Speed': StandardScaler(), 'col_transformer__time': TimestampTransformer(), 'model': SVR()}",0.4323951279585655,0.506863052859166,0.5629503598679082,0.7167990375689016,0.8331471716035485,0.6104309499716181,0.14532319505561514,9
0.013595819473266602,0.0004858685888495041,0.005199861526489258,0.0007476428080726135,drop,StandardScaler(),TimestampTransformer(),HuberRegressor(),"{'col_transformer__Direction': 'drop', 'col_transformer__Speed': StandardScaler(), 'col_transformer__time': TimestampTransformer(), 'model': HuberRegressor()}",0.4252451675014196,0.3548921491525068,-0.37123272084835945,0.6333101808469692,0.691610044817984,0.34676496429410403,0.38020314569713115,57
0.20185451507568358,0.03577027296119147,0.005121374130249023,0.00046368272934827176,drop,StandardScaler(),TimestampTransformer(),RANSACRegressor(min_samples=0.1),"{'col_transformer__Direction': 'drop', 'col_transformer__Speed': StandardScaler(), 'col_transformer__time': TimestampTransformer(), 'model': RANSACRegressor(min_samples=0.1)}",0.19710924608696756,0.32773690336672745,-0.7368883976544436,0.5872637784161792,0.6748883154675427,0.21002196913659468,0.5038005338451556,70
0.10826606750488281,0.08453476950005531,0.008294248580932617,0.0009716102385869544,drop,StandardScaler(),TimestampTransformer(),"GaussianProcessRegressor(alpha=0.1, kernel=RBF(length_scale=1))","{'col_transformer__Direction': 'drop', 'col_transformer__Speed': StandardScaler(), 'col_transformer__time': TimestampTransformer(), 'model': GaussianProcessRegressor(alpha=0.1, kernel=RBF(length_scale=1))}",0.3208011095701543,0.49091396677464294,0.5964845622616572,0.7296534085832779,0.8296749794019264,0.5935056053183317,0.17844543035545862,11
0.012364721298217774,0.004445346201749463,0.005968713760375976,0.0005803114014170499,drop,PolynomialFeatures(),drop,LinearRegression(),"{'col_transformer__Direction': 'drop', 'col_transformer__Speed': PolynomialFeatures(), 'col_transformer__time': 'drop', 'model': LinearRegression()}",0.4247720373913324,0.5002877399739856,0.5089438794202586,0.7319636892785824,0.7771976993979608,0.588633009092424,0.13935995717780073,13
0.13877477645874023,0.04870111504020463,0.006629133224487304,0.0009768824220936858,drop,PolynomialFeatures(),drop,"MLPRegressor(activation='tanh', hidden_layer_sizes=(150, 150), solver='sgd')","{'col_transformer__Direction': 'drop', 'col_transformer__Speed': PolynomialFeatures(), 'col_transformer__time': 'drop', 'model': MLPRegressor(activation='tanh', hidden_layer_sizes=(150, 150), solver='sgd')}",0.1933986359124592,0.07739222645069554,0.02653853501994019,0.03337671136753739,0.32068283035644407,0.13027778782141528,0.11241606244458446,80
0.03046526908874512,0.012850895253370931,0.012639808654785156,0.002894212975085775,drop,PolynomialFeatures(),drop,SVR(),"{'col_transformer__Direction': 'drop', 'col_transformer__Speed': PolynomialFeatures(), 'col_transformer__time': 'drop', 'model': SVR()}",0.4964597170620799,0.5038293776358703,0.5386805984977883,0.7006160320571659,0.8271268531023436,0.6133425156710497,0.13003809248239473,7
0.030712032318115236,0.004658284128819822,0.012168645858764648,0.007782919170820251,drop,PolynomialFeatures(),drop,HuberRegressor(),"{'col_transformer__Direction': 'drop', 'col_transformer__Speed': PolynomialFeatures(), 'col_transformer__time': 'drop', 'model': HuberRegressor()}",0.37831662437103597,0.48278823754130007,0.5118835159126808,0.7328260467432374,0.7713679497425796,0.5754364748621669,0.15141963552542648,19
0.24256496429443358,0.03299085744241962,0.006951379776000977,0.0029391271621878336,drop,PolynomialFeatures(),drop,RANSACRegressor(min_samples=0.1),"{'col_transformer__Direction': 'drop', 'col_transformer__Speed': PolynomialFeatures(), 'col_transformer__time': 'drop', 'model': RANSACRegressor(min_samples=0.1)}",0.332093939838502,0.4701141376739104,0.479049752666755,0.7121962075083095,0.749026862942975,0.5484961801260904,0.15799160369036863,31
0.20073742866516114,0.1768093166569523,0.007240915298461914,0.0009311632097078917,drop,PolynomialFeatures(),drop,"GaussianProcessRegressor(alpha=0.1, kernel=RBF(length_scale=1))","{'col_transformer__Direction': 'drop', 'col_transformer__Speed': PolynomialFeatures(), 'col_transformer__time': 'drop', 'model': GaussianProcessRegressor(alpha=0.1, kernel=RBF(length_scale=1))}",0.19044883748001573,0.40909852837691596,0.5567913464163812,0.7272965528870527,0.8280115991459631,0.5423293728612657,0.22698313148028862,32
0.001102781295776367,0.00048628428980010673,0.0,0.0,drop,PolynomialFeatures(),,LinearRegression(),"{'col_transformer__Direction': 'drop', 'col_transformer__Speed': PolynomialFeatures(), 'col_transformer__time': None, 'model': LinearRegression()}",,,,,,,,109
0.001517915725708008,0.0004485888389699281,0.0,0.0,drop,PolynomialFeatures(),,"MLPRegressor(activation='tanh', hidden_layer_sizes=(150, 150), solver='sgd')","{'col_transformer__Direction': 'drop', 'col_transformer__Speed': PolynomialFeatures(), 'col_transformer__time': None, 'model': MLPRegressor(activation='tanh', hidden_layer_sizes=(150, 150), solver='sgd')}",,,,,,,,109
0.0009999752044677734,1.112165812462864e-06,0.0,0.0,drop,PolynomialFeatures(),,SVR(),"{'col_transformer__Direction': 'drop', 'col_transformer__Speed': PolynomialFeatures(), 'col_transformer__time': None, 'model': SVR()}",,,,,,,,109
0.0014184951782226563,0.0004750718245303065,0.0,0.0,drop,PolynomialFeatures(),,HuberRegressor(),"{'col_transformer__Direction': 'drop', 'col_transformer__Speed': PolynomialFeatures(), 'col_transformer__time': None, 'model': HuberRegressor()}",,,,,,,,109
0.0016979217529296876,0.0005735895284622907,0.0,0.0,drop,PolynomialFeatures(),,RANSACRegressor(min_samples=0.1),"{'col_transformer__Direction': 'drop', 'col_transformer__Speed': PolynomialFeatures(), 'col_transformer__time': None, 'model': RANSACRegressor(min_samples=0.1)}",,,,,,,,109
0.0015996456146240234,0.0004893763423298832,0.0,0.0,drop,PolynomialFeatures(),,"GaussianProcessRegressor(alpha=0.1, kernel=RBF(length_scale=1))","{'col_transformer__Direction': 'drop', 'col_transformer__Speed': PolynomialFeatures(), 'col_transformer__time': None, 'model': GaussianProcessRegressor(alpha=0.1, kernel=RBF(length_scale=1))}",,,,,,,,109
0.01283435821533203,0.005369326374963393,0.00596776008605957,0.000521734261131079,drop,PolynomialFeatures(),TimestampTransformer(),LinearRegression(),"{'col_transformer__Direction': 'drop', 'col_transformer__Speed': PolynomialFeatures(), 'col_transformer__time': TimestampTransformer(), 'model': LinearRegression()}",0.4247720373913324,0.5002877399739856,0.5089438794202586,0.7319636892785824,0.7771976993979608,0.588633009092424,0.13935995717780073,13
0.11939244270324707,0.027999849655795828,0.006617975234985351,0.001191808145846936,drop,PolynomialFeatures(),TimestampTransformer(),"MLPRegressor(activation='tanh', hidden_layer_sizes=(150, 150), solver='sgd')","{'col_transformer__Direction': 'drop', 'col_transformer__Speed': PolynomialFeatures(), 'col_transformer__time': TimestampTransformer(), 'model': MLPRegressor(activation='tanh', hidden_layer_sizes=(150, 150), solver='sgd')}",0.14781314319954186,0.2353430452596278,0.10496411456133414,0.15616004997352972,0.28212299120945505,0.18528066884069772,0.06416736202567852,74
0.03030261993408203,0.017053747871561296,0.01303725242614746,0.003526684738222989,drop,PolynomialFeatures(),TimestampTransformer(),SVR(),"{'col_transformer__Direction': 'drop', 'col_transformer__Speed': PolynomialFeatures(), 'col_transformer__time': TimestampTransformer(), 'model': SVR()}",0.4964597170620799,0.5038293776358703,0.5386805984977883,0.7006160320571659,0.8271268531023436,0.6133425156710497,0.13003809248239473,7
0.03284463882446289,0.014200689300680958,0.0064727783203125,0.0007652785891051944,drop,PolynomialFeatures(),TimestampTransformer(),HuberRegressor(),"{'col_transformer__Direction': 'drop', 'col_transformer__Speed': PolynomialFeatures(), 'col_transformer__time': TimestampTransformer(), 'model': HuberRegressor()}",0.37831662437103597,0.48278823754130007,0.5118835159126808,0.7328260467432374,0.7713679497425796,0.5754364748621669,0.15141963552542648,19
0.2332916259765625,0.030276700117821412,0.007304191589355469,0.004124198104209647,drop,PolynomialFeatures(),TimestampTransformer(),RANSACRegressor(min_samples=0.1),"{'col_transformer__Direction': 'drop', 'col_transformer__Speed': PolynomialFeatures(), 'col_transformer__time': TimestampTransformer(), 'model': RANSACRegressor(min_samples=0.1)}",0.3288461498993478,0.4693668184247196,0.4797016723064861,0.713999760996159,0.7526577187373267,0.5489144240728079,0.16019536226554423,30
0.17722868919372559,0.15450125060557646,0.010000085830688477,0.004289978297816555,drop,PolynomialFeatures(),TimestampTransformer(),"GaussianProcessRegressor(alpha=0.1, kernel=RBF(length_scale=1))","{'col_transformer__Direction': 'drop', 'col_transformer__Speed': PolynomialFeatures(), 'col_transformer__time': TimestampTransformer(), 'model': GaussianProcessRegressor(alpha=0.1, kernel=RBF(length_scale=1))}",0.19044883748001573,0.40909852837691596,0.5567913464163812,0.7272965528870527,0.8280115991459631,0.5423293728612657,0.22698313148028862,32
0.013777923583984376,0.0032299914081604757,0.0076506614685058595,0.00036585628577296206,drop,EmpiricalWaveletTransform(),drop,LinearRegression(),"{'col_transformer__Direction': 'drop', 'col_transformer__Speed': EmpiricalWaveletTransform(), 'col_transformer__time': 'drop', 'model': LinearRegression()}",0.5280726933409772,0.28768134395697986,-0.4692067939029214,0.48784676014148687,0.2514705105078786,0.21717290280888024,0.3597743378901303,68
0.5990700721740723,0.4582387140150073,0.013302803039550781,0.011615989169611086,drop,EmpiricalWaveletTransform(),drop,"MLPRegressor(activation='tanh', hidden_layer_sizes=(150, 150), solver='sgd')","{'col_transformer__Direction': 'drop', 'col_transformer__Speed': EmpiricalWaveletTransform(), 'col_transformer__time': 'drop', 'model': MLPRegressor(activation='tanh', hidden_layer_sizes=(150, 150), solver='sgd')}",0.32215131974588584,0.35128275265595665,0.4756490354395314,0.5435650530288102,0.4499545201559384,0.42852053620522446,0.08148108661158983,43
0.032250070571899415,0.01846606475449481,0.015506887435913086,0.0038388494715601226,drop,EmpiricalWaveletTransform(),drop,SVR(),"{'col_transformer__Direction': 'drop', 'col_transformer__Speed': EmpiricalWaveletTransform(), 'col_transformer__time': 'drop', 'model': SVR()}",0.4353545938437957,0.4682201260563942,0.4081654819040159,0.6184074588601209,0.4923559380525281,0.48450071974337094,0.07280135602211553,39
0.025695228576660158,0.005180423858007615,0.007001066207885742,1.4510273031905117e-06,drop,EmpiricalWaveletTransform(),drop,HuberRegressor(),"{'col_transformer__Direction': 'drop', 'col_transformer__Speed': EmpiricalWaveletTransform(), 'col_transformer__time': 'drop', 'model': HuberRegressor()}",0.48034129983746277,0.2299273582463759,-0.7668250906637983,0.5369840337684209,0.4245334993053572,0.18099222009876367,0.48505766666335726,76
0.2202322006225586,0.02398644857148848,0.007256698608398437,0.00032604541890762616,drop,EmpiricalWaveletTransform(),drop,RANSACRegressor(min_samples=0.1),"{'col_transformer__Direction': 'drop', 'col_transformer__Speed': EmpiricalWaveletTransform(), 'col_transformer__time': 'drop', 'model': RANSACRegressor(min_samples=0.1)}",0.14639742341239403,0.1563753845203647,-1.5453897632270435,0.2844625107821702,0.68141141613637,-0.0553486056751489,0.7699400085828988,94
0.12431426048278808,0.09212052805375733,0.009602212905883789,0.0017424089340095348,drop,EmpiricalWaveletTransform(),drop,"GaussianProcessRegressor(alpha=0.1, kernel=RBF(length_scale=1))","{'col_transformer__Direction': 'drop', 'col_transformer__Speed': EmpiricalWaveletTransform(), 'col_transformer__time': 'drop', 'model': GaussianProcessRegressor(alpha=0.1, kernel=RBF(length_scale=1))}",-0.7144415189544941,-0.9467567857279888,-1.786754219897814,-1.1055096224455134,-0.00039595164604588895,-0.9107716197343712,0.5786005017592225,107
0.001599264144897461,0.0004889672087844452,0.0,0.0,drop,EmpiricalWaveletTransform(),,LinearRegression(),"{'col_transformer__Direction': 'drop', 'col_transformer__Speed': EmpiricalWaveletTransform(), 'col_transformer__time': None, 'model': LinearRegression()}",,,,,,,,109
0.0016006946563720704,0.0004897461046175965,0.0,0.0,drop,EmpiricalWaveletTransform(),,"MLPRegressor(activation='tanh', hidden_layer_sizes=(150, 150), solver='sgd')","{'col_transformer__Direction': 'drop', 'col_transformer__Speed': EmpiricalWaveletTransform(), 'col_transformer__time': None, 'model': MLPRegressor(activation='tanh', hidden_layer_sizes=(150, 150), solver='sgd')}",,,,,,,,109
0.0016002655029296875,0.0004900780044657678,0.0,0.0,drop,EmpiricalWaveletTransform(),,SVR(),"{'col_transformer__Direction': 'drop', 'col_transformer__Speed': EmpiricalWaveletTransform(), 'col_transformer__time': None, 'model': SVR()}",,,,,,,,109
0.0012672901153564452,0.0003885514422949798,0.0,0.0,drop,EmpiricalWaveletTransform(),,HuberRegressor(),"{'col_transformer__Direction': 'drop', 'col_transformer__Speed': EmpiricalWaveletTransform(), 'col_transformer__time': None, 'model': HuberRegressor()}",,,,,,,,109
0.0014650344848632813,0.0004484057424868039,0.0,0.0,drop,EmpiricalWaveletTransform(),,RANSACRegressor(min_samples=0.1),"{'col_transformer__Direction': 'drop', 'col_transformer__Speed': EmpiricalWaveletTransform(), 'col_transformer__time': None, 'model': RANSACRegressor(min_samples=0.1)}",,,,,,,,109
0.0011968135833740235,0.00040107241933841077,0.0,0.0,drop,EmpiricalWaveletTransform(),,"GaussianProcessRegressor(alpha=0.1, kernel=RBF(length_scale=1))","{'col_transformer__Direction': 'drop', 'col_transformer__Speed': EmpiricalWaveletTransform(), 'col_transformer__time': None, 'model': GaussianProcessRegressor(alpha=0.1, kernel=RBF(length_scale=1))}",,,,,,,,109
0.019903898239135742,0.013015619780058068,0.010298490524291992,0.006949447841129524,drop,EmpiricalWaveletTransform(),TimestampTransformer(),LinearRegression(),"{'col_transformer__Direction': 'drop', 'col_transformer__Speed': EmpiricalWaveletTransform(), 'col_transformer__time': TimestampTransformer(), 'model': LinearRegression()}",0.5280726933409772,0.28768134395697986,-0.4692067939029214,0.48784676014148687,0.2514705105078786,0.21717290280888024,0.3597743378901303,68
0.5492203235626221,0.4030725992058692,0.010763597488403321,0.006643887723624659,drop,EmpiricalWaveletTransform(),TimestampTransformer(),"MLPRegressor(activation='tanh', hidden_layer_sizes=(150, 150), solver='sgd')","{'col_transformer__Direction': 'drop', 'col_transformer__Speed': EmpiricalWaveletTransform(), 'col_transformer__time': TimestampTransformer(), 'model': MLPRegressor(activation='tanh', hidden_layer_sizes=(150, 150), solver='sgd')}",0.349476971139547,0.33197376514139143,0.4226643571329789,0.5346593633999297,0.46408603494797884,0.42057209835236514,0.07458944433638705,45
0.025008773803710936,0.013212778595181888,0.014191961288452149,0.004106870558681018,drop,EmpiricalWaveletTransform(),TimestampTransformer(),SVR(),"{'col_transformer__Direction': 'drop', 'col_transformer__Speed': EmpiricalWaveletTransform(), 'col_transformer__time': TimestampTransformer(), 'model': SVR()}",0.4353545938437957,0.4682201260563942,0.4081654819040159,0.6184074588601209,0.4923559380525281,0.48450071974337094,0.07280135602211553,39
0.02355809211730957,0.0032215712804657876,0.006999874114990234,1.8381438510319121e-06,drop,EmpiricalWaveletTransform(),TimestampTransformer(),HuberRegressor(),"{'col_transformer__Direction': 'drop', 'col_transformer__Speed': EmpiricalWaveletTransform(), 'col_transformer__time': TimestampTransformer(), 'model': HuberRegressor()}",0.48034129983746277,0.2299273582463759,-0.7668250906637983,0.5369840337684209,0.4245334993053572,0.18099222009876367,0.48505766666335726,76
0.21248373985290528,0.024880674228827476,0.009856033325195312,0.004015669306844525,drop,EmpiricalWaveletTransform(),TimestampTransformer(),RANSACRegressor(min_samples=0.1),"{'col_transformer__Direction': 'drop', 'col_transformer__Speed': EmpiricalWaveletTransform(), 'col_transformer__time': TimestampTransformer(), 'model': RANSACRegressor(min_samples=0.1)}",0.1851903662283776,0.14367771375020444,-1.8580219711038208,0.2865802131320727,0.6005475279781979,-0.12840523000299367,0.8794919486539663,99
0.13233509063720703,0.09591009970021189,0.008432149887084961,0.001547829625849238,drop,EmpiricalWaveletTransform(),TimestampTransformer(),"GaussianProcessRegressor(alpha=0.1, kernel=RBF(length_scale=1))","{'col_transformer__Direction': 'drop', 'col_transformer__Speed': EmpiricalWaveletTransform(), 'col_transformer__time': TimestampTransformer(), 'model': GaussianProcessRegressor(alpha=0.1, kernel=RBF(length_scale=1))}",-0.7144415189544941,-0.9467567857279888,-1.786754219897814,-1.1055096224455134,-0.00039595164604588895,-0.9107716197343712,0.5786005017592225,107
0.0018005847930908203,0.00040104503644468434,0.0,0.0,WindDirectionMapper(),,drop,LinearRegression(),"{'col_transformer__Direction': WindDirectionMapper(), 'col_transformer__Speed': None, 'col_transformer__time': 'drop', 'model': LinearRegression()}",,,,,,,,109
0.0013997077941894532,0.0004894419142996226,0.0,0.0,WindDirectionMapper(),,drop,"MLPRegressor(activation='tanh', hidden_layer_sizes=(150, 150), solver='sgd')","{'col_transformer__Direction': WindDirectionMapper(), 'col_transformer__Speed': None, 'col_transformer__time': 'drop', 'model': MLPRegressor(activation='tanh', hidden_layer_sizes=(150, 150), solver='sgd')}",,,,,,,,109
0.002399778366088867,0.0013563120755699489,0.0,0.0,WindDirectionMapper(),,drop,SVR(),"{'col_transformer__Direction': WindDirectionMapper(), 'col_transformer__Speed': None, 'col_transformer__time': 'drop', 'model': SVR()}",,,,,,,,109
0.001399993896484375,0.0004891040322026288,0.0,0.0,WindDirectionMapper(),,drop,HuberRegressor(),"{'col_transformer__Direction': WindDirectionMapper(), 'col_transformer__Speed': None, 'col_transformer__time': 'drop', 'model': HuberRegressor()}",,,,,,,,109
0.0016057968139648437,0.0004959950558641134,0.0,0.0,WindDirectionMapper(),,drop,RANSACRegressor(min_samples=0.1),"{'col_transformer__Direction': WindDirectionMapper(), 'col_transformer__Speed': None, 'col_transformer__time': 'drop', 'model': RANSACRegressor(min_samples=0.1)}",,,,,,,,109
0.0010000705718994141,3.568322550558034e-07,0.0,0.0,WindDirectionMapper(),,drop,"GaussianProcessRegressor(alpha=0.1, kernel=RBF(length_scale=1))","{'col_transformer__Direction': WindDirectionMapper(), 'col_transformer__Speed': None, 'col_transformer__time': 'drop', 'model': GaussianProcessRegressor(alpha=0.1, kernel=RBF(length_scale=1))}",,,,,,,,109
0.0009999275207519531,1.0977615769597375e-06,0.0,0.0,WindDirectionMapper(),,,LinearRegression(),"{'col_transformer__Direction': WindDirectionMapper(), 'col_transformer__Speed': None, 'col_transformer__time': None, 'model': LinearRegression()}",,,,,,,,109
0.0015530586242675781,0.0004528915637848162,0.0,0.0,WindDirectionMapper(),,,"MLPRegressor(activation='tanh', hidden_layer_sizes=(150, 150), solver='sgd')","{'col_transformer__Direction': WindDirectionMapper(), 'col_transformer__Speed': None, 'col_transformer__time': None, 'model': MLPRegressor(activation='tanh', hidden_layer_sizes=(150, 150), solver='sgd')}",,,,,,,,109
0.001509857177734375,0.00045271765582692233,0.0,0.0,WindDirectionMapper(),,,SVR(),"{'col_transformer__Direction': WindDirectionMapper(), 'col_transformer__Speed': None, 'col_transformer__time': None, 'model': SVR()}",,,,,,,,109
0.0016036033630371094,0.00048561244617514014,0.0,0.0,WindDirectionMapper(),,,HuberRegressor(),"{'col_transformer__Direction': WindDirectionMapper(), 'col_transformer__Speed': None, 'col_transformer__time': None, 'model': HuberRegressor()}",,,,,,,,109
0.001400136947631836,0.0004900582535438231,0.0,0.0,WindDirectionMapper(),,,RANSACRegressor(min_samples=0.1),"{'col_transformer__Direction': WindDirectionMapper(), 'col_transformer__Speed': None, 'col_transformer__time': None, 'model': RANSACRegressor(min_samples=0.1)}",,,,,,,,109
0.0013998031616210937,0.0004889678597952451,0.0,0.0,WindDirectionMapper(),,,"GaussianProcessRegressor(alpha=0.1, kernel=RBF(length_scale=1))","{'col_transformer__Direction': WindDirectionMapper(), 'col_transformer__Speed': None, 'col_transformer__time': None, 'model': GaussianProcessRegressor(alpha=0.1, kernel=RBF(length_scale=1))}",,,,,,,,109
0.0017999172210693359,0.00039904414947513137,0.0,0.0,WindDirectionMapper(),,TimestampTransformer(),LinearRegression(),"{'col_transformer__Direction': WindDirectionMapper(), 'col_transformer__Speed': None, 'col_transformer__time': TimestampTransformer(), 'model': LinearRegression()}",,,,,,,,109
0.0014536380767822266,0.0004577733078578194,0.0,0.0,WindDirectionMapper(),,TimestampTransformer(),"MLPRegressor(activation='tanh', hidden_layer_sizes=(150, 150), solver='sgd')","{'col_transformer__Direction': WindDirectionMapper(), 'col_transformer__Speed': None, 'col_transformer__time': TimestampTransformer(), 'model': MLPRegressor(activation='tanh', hidden_layer_sizes=(150, 150), solver='sgd')}",,,,,,,,109
0.0011999130249023438,0.0003996141876775616,0.0,0.0,WindDirectionMapper(),,TimestampTransformer(),SVR(),"{'col_transformer__Direction': WindDirectionMapper(), 'col_transformer__Speed': None, 'col_transformer__time': TimestampTransformer(), 'model': SVR()}",,,,,,,,109
0.0013993740081787109,0.0004900989422648193,0.0,0.0,WindDirectionMapper(),,TimestampTransformer(),HuberRegressor(),"{'col_transformer__Direction': WindDirectionMapper(), 'col_transformer__Speed': None, 'col_transformer__time': TimestampTransformer(), 'model': HuberRegressor()}",,,,,,,,109
0.0013991355895996093,0.0004892215066969763,0.0,0.0,WindDirectionMapper(),,TimestampTransformer(),RANSACRegressor(min_samples=0.1),"{'col_transformer__Direction': WindDirectionMapper(), 'col_transformer__Speed': None, 'col_transformer__time': TimestampTransformer(), 'model': RANSACRegressor(min_samples=0.1)}",,,,,,,,109
0.0016013622283935548,0.0004906823634498342,0.0,0.0,WindDirectionMapper(),,TimestampTransformer(),"GaussianProcessRegressor(alpha=0.1, kernel=RBF(length_scale=1))","{'col_transformer__Direction': WindDirectionMapper(), 'col_transformer__Speed': None, 'col_transformer__time': TimestampTransformer(), 'model': GaussianProcessRegressor(alpha=0.1, kernel=RBF(length_scale=1))}",,,,,,,,109
0.01957244873046875,0.005938714073406314,0.010963249206542968,0.0033168637813866648,WindDirectionMapper(),StandardScaler(),drop,LinearRegression(),"{'col_transformer__Direction': WindDirectionMapper(), 'col_transformer__Speed': StandardScaler(), 'col_transformer__time': 'drop', 'model': LinearRegression()}",0.4511744111601035,0.390238413463297,-0.2028237809025959,0.638694379623238,0.6996174334402064,0.3953801713568498,0.3202341390147392,46
0.21931695938110352,0.08798586234030481,0.011061334609985351,0.002139100885987115,WindDirectionMapper(),StandardScaler(),drop,"MLPRegressor(activation='tanh', hidden_layer_sizes=(150, 150), solver='sgd')","{'col_transformer__Direction': WindDirectionMapper(), 'col_transformer__Speed': StandardScaler(), 'col_transformer__time': 'drop', 'model': MLPRegressor(activation='tanh', hidden_layer_sizes=(150, 150), solver='sgd')}",-0.021874257140460873,-0.07024233967930149,0.017000807405595952,0.0022294367390363057,0.02394049574497903,-0.009789171386030216,0.034060167950481106,92
0.029822301864624024,0.011113125707631686,0.01897721290588379,0.006894680828636988,WindDirectionMapper(),StandardScaler(),drop,SVR(),"{'col_transformer__Direction': WindDirectionMapper(), 'col_transformer__Speed': StandardScaler(), 'col_transformer__time': 'drop', 'model': SVR()}",0.06944328559053425,0.016986057971272617,0.019943380756547224,-0.09399830668515019,-0.009832114322617214,0.0005084606621173382,0.05373954593317013,90
0.03430972099304199,0.005905796318525853,0.01007394790649414,0.0013510280174886917,WindDirectionMapper(),StandardScaler(),drop,HuberRegressor(),"{'col_transformer__Direction': WindDirectionMapper(), 'col_transformer__Speed': StandardScaler(), 'col_transformer__time': 'drop', 'model': HuberRegressor()}",0.42577186758785324,0.3524409010217301,-0.3610279397863092,0.6403157046418775,0.701964777137206,0.35189306212047156,0.37932902851174083,55
0.24859294891357422,0.02258453162209687,0.012938499450683594,0.004366380446852244,WindDirectionMapper(),StandardScaler(),drop,RANSACRegressor(min_samples=0.1),"{'col_transformer__Direction': WindDirectionMapper(), 'col_transformer__Speed': StandardScaler(), 'col_transformer__time': 'drop', 'model': RANSACRegressor(min_samples=0.1)}",0.087036868991062,0.2915498886222563,-0.7221350553037833,0.6406997077158734,0.669076079327906,0.19324549787066286,0.5070494246871051,71
0.26187620162963865,0.2077167357135063,0.0163820743560791,0.004497351537803641,WindDirectionMapper(),StandardScaler(),drop,"GaussianProcessRegressor(alpha=0.1, kernel=RBF(length_scale=1))","{'col_transformer__Direction': WindDirectionMapper(), 'col_transformer__Speed': StandardScaler(), 'col_transformer__time': 'drop', 'model': GaussianProcessRegressor(alpha=0.1, kernel=RBF(length_scale=1))}",0.07239724377006307,-0.07040020879177744,-0.5774326235105247,0.019629863322414343,0.722428069734415,0.033324468904918046,0.41481587031668654,84
0.00128936767578125,0.0003964429123053807,0.0,0.0,WindDirectionMapper(),StandardScaler(),,LinearRegression(),"{'col_transformer__Direction': WindDirectionMapper(), 'col_transformer__Speed': StandardScaler(), 'col_transformer__time': None, 'model': LinearRegression()}",,,,,,,,109
0.002399730682373047,0.002799844812879502,0.0,0.0,WindDirectionMapper(),StandardScaler(),,"MLPRegressor(activation='tanh', hidden_layer_sizes=(150, 150), solver='sgd')","{'col_transformer__Direction': WindDirectionMapper(), 'col_transformer__Speed': StandardScaler(), 'col_transformer__time': None, 'model': MLPRegressor(activation='tanh', hidden_layer_sizes=(150, 150), solver='sgd')}",,,,,,,,109
0.0010000705718994141,7.008046367978606e-07,0.0,0.0,WindDirectionMapper(),StandardScaler(),,SVR(),"{'col_transformer__Direction': WindDirectionMapper(), 'col_transformer__Speed': StandardScaler(), 'col_transformer__time': None, 'model': SVR()}",,,,,,,,109
0.0016000747680664062,0.00048826617165470396,0.0,0.0,WindDirectionMapper(),StandardScaler(),,HuberRegressor(),"{'col_transformer__Direction': WindDirectionMapper(), 'col_transformer__Speed': StandardScaler(), 'col_transformer__time': None, 'model': HuberRegressor()}",,,,,,,,109
0.0020000457763671873,1.4805006691226983e-06,0.0,0.0,WindDirectionMapper(),StandardScaler(),,RANSACRegressor(min_samples=0.1),"{'col_transformer__Direction': WindDirectionMapper(), 'col_transformer__Speed': StandardScaler(), 'col_transformer__time': None, 'model': RANSACRegressor(min_samples=0.1)}",,,,,,,,109
0.0016815662384033203,0.000575325580530071,0.0,0.0,WindDirectionMapper(),StandardScaler(),,"GaussianProcessRegressor(alpha=0.1, kernel=RBF(length_scale=1))","{'col_transformer__Direction': WindDirectionMapper(), 'col_transformer__Speed': StandardScaler(), 'col_transformer__time': None, 'model': GaussianProcessRegressor(alpha=0.1, kernel=RBF(length_scale=1))}",,,,,,,,109
0.016316032409667967,0.0030076109244397266,0.008701372146606445,0.0003965568113599927,WindDirectionMapper(),StandardScaler(),TimestampTransformer(),LinearRegression(),"{'col_transformer__Direction': WindDirectionMapper(), 'col_transformer__Speed': StandardScaler(), 'col_transformer__time': TimestampTransformer(), 'model': LinearRegression()}",0.4511744111601035,0.390238413463297,-0.2028237809025959,0.638694379623238,0.6996174334402064,0.3953801713568498,0.3202341390147392,46
0.24715847969055177,0.12057890125804809,0.013878726959228515,0.00558922908248716,WindDirectionMapper(),StandardScaler(),TimestampTransformer(),"MLPRegressor(activation='tanh', hidden_layer_sizes=(150, 150), solver='sgd')","{'col_transformer__Direction': WindDirectionMapper(), 'col_transformer__Speed': StandardScaler(), 'col_transformer__time': TimestampTransformer(), 'model': MLPRegressor(activation='tanh', hidden_layer_sizes=(150, 150), solver='sgd')}",0.015092994577554752,-0.014166495792879541,0.016819708398701394,0.000842806769704163,0.05164587359403017,0.014046977509422187,0.02187605712086003,86
0.027098464965820312,0.0104190281856886,0.016983509063720703,0.0026987563094195664,WindDirectionMapper(),StandardScaler(),TimestampTransformer(),SVR(),"{'col_transformer__Direction': WindDirectionMapper(), 'col_transformer__Speed': StandardScaler(), 'col_transformer__time': TimestampTransformer(), 'model': SVR()}",0.06944328559053425,0.016986057971272617,0.019943380756547224,-0.09399830668515019,-0.009832114322617214,0.0005084606621173382,0.05373954593317013,90
0.04057159423828125,0.011097637560686692,0.010199403762817383,0.0004003825773834717,WindDirectionMapper(),StandardScaler(),TimestampTransformer(),HuberRegressor(),"{'col_transformer__Direction': WindDirectionMapper(), 'col_transformer__Speed': StandardScaler(), 'col_transformer__time': TimestampTransformer(), 'model': HuberRegressor()}",0.42577186758785324,0.3524409010217301,-0.3610279397863092,0.6403157046418775,0.701964777137206,0.35189306212047156,0.37932902851174083,55
0.22877755165100097,0.021469412701541377,0.019157552719116212,0.018487515777182183,WindDirectionMapper(),StandardScaler(),TimestampTransformer(),RANSACRegressor(min_samples=0.1),"{'col_transformer__Direction': WindDirectionMapper(), 'col_transformer__Speed': StandardScaler(), 'col_transformer__time': TimestampTransformer(), 'model': RANSACRegressor(min_samples=0.1)}",0.17446367497923354,0.30001313759917847,-0.5527750351005236,0.6016795872620965,0.6806603255183137,0.24080833805165974,0.4384926959793788,63
0.23907065391540527,0.1921006270579761,0.015868949890136718,0.006646708755137032,WindDirectionMapper(),StandardScaler(),TimestampTransformer(),"GaussianProcessRegressor(alpha=0.1, kernel=RBF(length_scale=1))","{'col_transformer__Direction': WindDirectionMapper(), 'col_transformer__Speed': StandardScaler(), 'col_transformer__time': TimestampTransformer(), 'model': GaussianProcessRegressor(alpha=0.1, kernel=RBF(length_scale=1))}",0.07239724377006307,-0.07040020879177744,-0.5774326235105247,0.019629863322414343,0.722428069734415,0.033324468904918046,0.41481587031668654,84
0.020486116409301758,0.007130010374030514,0.010490751266479493,0.0018461242750756404,WindDirectionMapper(),PolynomialFeatures(),drop,LinearRegression(),"{'col_transformer__Direction': WindDirectionMapper(), 'col_transformer__Speed': PolynomialFeatures(), 'col_transformer__time': 'drop', 'model': LinearRegression()}",0.4208926199213141,0.49581417737682587,0.5120740055848282,0.7400738598735299,0.7709578275140218,0.587962498054104,0.14056164304027696,15
0.18184137344360352,0.05751596407166305,0.014614439010620118,0.005878739661150854,WindDirectionMapper(),PolynomialFeatures(),drop,"MLPRegressor(activation='tanh', hidden_layer_sizes=(150, 150), solver='sgd')","{'col_transformer__Direction': WindDirectionMapper(), 'col_transformer__Speed': PolynomialFeatures(), 'col_transformer__time': 'drop', 'model': MLPRegressor(activation='tanh', hidden_layer_sizes=(150, 150), solver='sgd')}",0.377332016520469,0.23071297789807466,0.3128249679474929,0.733253002121099,0.48050924635345993,0.4269264421681191,0.1736004350642496,44
0.0387908935546875,0.020104021181916096,0.017244958877563478,0.003160250788922502,WindDirectionMapper(),PolynomialFeatures(),drop,SVR(),"{'col_transformer__Direction': WindDirectionMapper(), 'col_transformer__Speed': PolynomialFeatures(), 'col_transformer__time': 'drop', 'model': SVR()}",0.4652375739421566,0.6017381902536164,0.591308330911249,0.72985231676301,0.7374662817229631,0.6251205387185991,0.10083935079699474,3
0.04405527114868164,0.006004384579026173,0.013214540481567384,0.0035854647863182865,WindDirectionMapper(),PolynomialFeatures(),drop,HuberRegressor(),"{'col_transformer__Direction': WindDirectionMapper(), 'col_transformer__Speed': PolynomialFeatures(), 'col_transformer__time': 'drop', 'model': HuberRegressor()}",0.35791528118933547,0.47986205198364806,0.5205527954874439,0.7437871832694505,0.7570248042380116,0.571828423233578,0.15537911730415668,21
0.21581320762634276,0.00571032084445635,0.013602352142333985,0.005350080527838257,WindDirectionMapper(),PolynomialFeatures(),drop,RANSACRegressor(min_samples=0.1),"{'col_transformer__Direction': WindDirectionMapper(), 'col_transformer__Speed': PolynomialFeatures(), 'col_transformer__time': 'drop', 'model': RANSACRegressor(min_samples=0.1)}",0.2040772892074545,0.428591893869783,0.4656671736903435,0.747469292309598,0.7268893597623538,0.5145390017679066,0.20273679029414965,36
0.1624372959136963,0.13833007221540805,0.014668655395507813,0.0028355905033189146,WindDirectionMapper(),PolynomialFeatures(),drop,"GaussianProcessRegressor(alpha=0.1, kernel=RBF(length_scale=1))","{'col_transformer__Direction': WindDirectionMapper(), 'col_transformer__Speed': PolynomialFeatures(), 'col_transformer__time': 'drop', 'model': GaussianProcessRegressor(alpha=0.1, kernel=RBF(length_scale=1))}",-1.0462687879464005,-0.6264366748683974,-0.39491758148803036,0.1852065679019277,0.7227499795855673,-0.23193329936306667,0.6214120870142644,100
0.005290174484252929,0.0065157344459975345,0.0,0.0,WindDirectionMapper(),PolynomialFeatures(),,LinearRegression(),"{'col_transformer__Direction': WindDirectionMapper(), 'col_transformer__Speed': PolynomialFeatures(), 'col_transformer__time': None, 'model': LinearRegression()}",,,,,,,,109
0.0024761676788330076,0.002483498457987758,0.0,0.0,WindDirectionMapper(),PolynomialFeatures(),,"MLPRegressor(activation='tanh', hidden_layer_sizes=(150, 150), solver='sgd')","{'col_transformer__Direction': WindDirectionMapper(), 'col_transformer__Speed': PolynomialFeatures(), 'col_transformer__time': None, 'model': MLPRegressor(activation='tanh', hidden_layer_sizes=(150, 150), solver='sgd')}",,,,,,,,109
0.0018027782440185546,0.0004014543150578524,0.0,0.0,WindDirectionMapper(),PolynomialFeatures(),,SVR(),"{'col_transformer__Direction': WindDirectionMapper(), 'col_transformer__Speed': PolynomialFeatures(), 'col_transformer__time': None, 'model': SVR()}",,,,,,,,109
0.001604747772216797,0.0004846474777138639,0.0,0.0,WindDirectionMapper(),PolynomialFeatures(),,HuberRegressor(),"{'col_transformer__Direction': WindDirectionMapper(), 'col_transformer__Speed': PolynomialFeatures(), 'col_transformer__time': None, 'model': HuberRegressor()}",,,,,,,,109
0.0016003131866455078,0.0004912842711939355,0.0,0.0,WindDirectionMapper(),PolynomialFeatures(),,RANSACRegressor(min_samples=0.1),"{'col_transformer__Direction': WindDirectionMapper(), 'col_transformer__Speed': PolynomialFeatures(), 'col_transformer__time': None, 'model': RANSACRegressor(min_samples=0.1)}",,,,,,,,109
0.0016901493072509766,0.0005868570338284531,0.0,0.0,WindDirectionMapper(),PolynomialFeatures(),,"GaussianProcessRegressor(alpha=0.1, kernel=RBF(length_scale=1))","{'col_transformer__Direction': WindDirectionMapper(), 'col_transformer__Speed': PolynomialFeatures(), 'col_transformer__time': None, 'model': GaussianProcessRegressor(alpha=0.1, kernel=RBF(length_scale=1))}",,,,,,,,109
0.019880008697509766,0.006448909796712426,0.01597590446472168,0.00682959183288374,WindDirectionMapper(),PolynomialFeatures(),TimestampTransformer(),LinearRegression(),"{'col_transformer__Direction': WindDirectionMapper(), 'col_transformer__Speed': PolynomialFeatures(), 'col_transformer__time': TimestampTransformer(), 'model': LinearRegression()}",0.4208926199213141,0.49581417737682587,0.5120740055848282,0.7400738598735299,0.7709578275140218,0.587962498054104,0.14056164304027696,15
0.15852088928222657,0.04387701105913967,0.016402053833007812,0.008308365098576196,WindDirectionMapper(),PolynomialFeatures(),TimestampTransformer(),"MLPRegressor(activation='tanh', hidden_layer_sizes=(150, 150), solver='sgd')","{'col_transformer__Direction': WindDirectionMapper(), 'col_transformer__Speed': PolynomialFeatures(), 'col_transformer__time': TimestampTransformer(), 'model': MLPRegressor(activation='tanh', hidden_layer_sizes=(150, 150), solver='sgd')}",0.3836615268138429,0.2211207476825392,0.4643627302932626,0.6989549586166974,0.45126625527938047,0.44387324373714454,0.15413324255221472,42
0.02836160659790039,0.009657633453088683,0.0183685302734375,0.0024577444114336666,WindDirectionMapper(),PolynomialFeatures(),TimestampTransformer(),SVR(),"{'col_transformer__Direction': WindDirectionMapper(), 'col_transformer__Speed': PolynomialFeatures(), 'col_transformer__time': TimestampTransformer(), 'model': SVR()}",0.4652375739421566,0.6017381902536164,0.591308330911249,0.72985231676301,0.7374662817229631,0.6251205387185991,0.10083935079699474,3
0.039951419830322264,0.004009381386928802,0.011039161682128906,0.0012364548473582993,WindDirectionMapper(),PolynomialFeatures(),TimestampTransformer(),HuberRegressor(),"{'col_transformer__Direction': WindDirectionMapper(), 'col_transformer__Speed': PolynomialFeatures(), 'col_transformer__time': TimestampTransformer(), 'model': HuberRegressor()}",0.35791528118933547,0.47986205198364806,0.5205527954874439,0.7437871832694505,0.7570248042380116,0.571828423233578,0.15537911730415668,21
0.21744728088378906,0.016840861316582145,0.01017460823059082,0.00073193189130775,WindDirectionMapper(),PolynomialFeatures(),TimestampTransformer(),RANSACRegressor(min_samples=0.1),"{'col_transformer__Direction': WindDirectionMapper(), 'col_transformer__Speed': PolynomialFeatures(), 'col_transformer__time': TimestampTransformer(), 'model': RANSACRegressor(min_samples=0.1)}",0.2490372409318855,0.45986887501444396,0.5138389540011974,0.7452503767719487,0.7084911124743842,0.5352973118387719,0.18009504182620112,35
0.13787403106689453,0.11014334698228588,0.015434646606445312,0.002836092706494189,WindDirectionMapper(),PolynomialFeatures(),TimestampTransformer(),"GaussianProcessRegressor(alpha=0.1, kernel=RBF(length_scale=1))","{'col_transformer__Direction': WindDirectionMapper(), 'col_transformer__Speed': PolynomialFeatures(), 'col_transformer__time': TimestampTransformer(), 'model': GaussianProcessRegressor(alpha=0.1, kernel=RBF(length_scale=1))}",-1.0462687879464005,-0.6264366748683974,-0.39491758148803036,0.1852065679019277,0.7227499795855673,-0.23193329936306667,0.6214120870142644,100
0.021849536895751955,0.003953611448291728,0.01253509521484375,0.002022650744452164,WindDirectionMapper(),EmpiricalWaveletTransform(),drop,LinearRegression(),"{'col_transformer__Direction': WindDirectionMapper(), 'col_transformer__Speed': EmpiricalWaveletTransform(), 'col_transformer__time': 'drop', 'model': LinearRegression()}",0.5321142313573529,0.26502948192941,-0.4686293944102733,0.4997668108764043,0.2997004405337339,0.22559631405732555,0.36279978653206674,64
0.18461618423461915,0.08879467142451011,0.012815284729003906,0.0007527310872594223,WindDirectionMapper(),EmpiricalWaveletTransform(),drop,"MLPRegressor(activation='tanh', hidden_layer_sizes=(150, 150), solver='sgd')","{'col_transformer__Direction': WindDirectionMapper(), 'col_transformer__Speed': EmpiricalWaveletTransform(), 'col_transformer__time': 'drop', 'model': MLPRegressor(activation='tanh', hidden_layer_sizes=(150, 150), solver='sgd')}",0.012331836335973567,-0.2074026186027147,0.024935493960315358,0.0009405110892036772,-0.0021387916396597983,-0.03426671377137638,0.08709089490534004,93
0.036711931228637695,0.022190084176330237,0.020567893981933594,0.004390661064654064,WindDirectionMapper(),EmpiricalWaveletTransform(),drop,SVR(),"{'col_transformer__Direction': WindDirectionMapper(), 'col_transformer__Speed': EmpiricalWaveletTransform(), 'col_transformer__time': 'drop', 'model': SVR()}",0.08378654347722259,0.005359361724367684,0.05129739937321165,-0.0769624770226136,-0.010282886405253544,0.010639588229386954,0.05503323948711911,87
0.051723575592041014,0.0093941408023519,0.012175750732421876,0.0005573912775699334,WindDirectionMapper(),EmpiricalWaveletTransform(),drop,HuberRegressor(),"{'col_transformer__Direction': WindDirectionMapper(), 'col_transformer__Speed': EmpiricalWaveletTransform(), 'col_transformer__time': 'drop', 'model': HuberRegressor()}",0.4855185123658349,0.2032820361838069,-0.7604232264047297,0.5476113656141215,0.4688954977767662,0.18897683710715996,0.4891779361563031,72
0.22010397911071777,0.021461579658438517,0.011097526550292969,0.0006616126584567963,WindDirectionMapper(),EmpiricalWaveletTransform(),drop,RANSACRegressor(min_samples=0.1),"{'col_transformer__Direction': WindDirectionMapper(), 'col_transformer__Speed': EmpiricalWaveletTransform(), 'col_transformer__time': 'drop', 'model': RANSACRegressor(min_samples=0.1)}",0.04209782646383753,0.015082003176415948,-1.84229471963065,0.4789876441919465,0.6669233756757436,-0.1278407740245413,0.8931460309027947,98
0.1793055534362793,0.10235340125304761,0.016891860961914064,0.003188842474316768,WindDirectionMapper(),EmpiricalWaveletTransform(),drop,"GaussianProcessRegressor(alpha=0.1, kernel=RBF(length_scale=1))","{'col_transformer__Direction': WindDirectionMapper(), 'col_transformer__Speed': EmpiricalWaveletTransform(), 'col_transformer__time': 'drop', 'model': GaussianProcessRegressor(alpha=0.1, kernel=RBF(length_scale=1))}",-0.20631670660288792,-0.36647662519547963,-1.3061021802666573,-1.1776096212812401,0.20035326259764974,-0.5712303741497231,0.5793375102212788,105
0.0016884803771972656,0.00040362988129001397,0.0,0.0,WindDirectionMapper(),EmpiricalWaveletTransform(),,LinearRegression(),"{'col_transformer__Direction': WindDirectionMapper(), 'col_transformer__Speed': EmpiricalWaveletTransform(), 'col_transformer__time': None, 'model': LinearRegression()}",,,,,,,,109
0.0013974666595458984,0.000486417039192377,0.0,0.0,WindDirectionMapper(),EmpiricalWaveletTransform(),,"MLPRegressor(activation='tanh', hidden_layer_sizes=(150, 150), solver='sgd')","{'col_transformer__Direction': WindDirectionMapper(), 'col_transformer__Speed': EmpiricalWaveletTransform(), 'col_transformer__time': None, 'model': MLPRegressor(activation='tanh', hidden_layer_sizes=(150, 150), solver='sgd')}",,,,,,,,109
0.001399850845336914,0.0004898057873356946,0.0,0.0,WindDirectionMapper(),EmpiricalWaveletTransform(),,SVR(),"{'col_transformer__Direction': WindDirectionMapper(), 'col_transformer__Speed': EmpiricalWaveletTransform(), 'col_transformer__time': None, 'model': SVR()}",,,,,,,,109
0.0018001556396484374,0.0004004725779967303,0.0,0.0,WindDirectionMapper(),EmpiricalWaveletTransform(),,HuberRegressor(),"{'col_transformer__Direction': WindDirectionMapper(), 'col_transformer__Speed': EmpiricalWaveletTransform(), 'col_transformer__time': None, 'model': HuberRegressor()}",,,,,,,,109
0.0011995792388916015,0.00040002279874062544,0.0,0.0,WindDirectionMapper(),EmpiricalWaveletTransform(),,RANSACRegressor(min_samples=0.1),"{'col_transformer__Direction': WindDirectionMapper(), 'col_transformer__Speed': EmpiricalWaveletTransform(), 'col_transformer__time': None, 'model': RANSACRegressor(min_samples=0.1)}",,,,,,,,109
0.0013993740081787109,0.0004900967849659015,0.0,0.0,WindDirectionMapper(),EmpiricalWaveletTransform(),,"GaussianProcessRegressor(alpha=0.1, kernel=RBF(length_scale=1))","{'col_transformer__Direction': WindDirectionMapper(), 'col_transformer__Speed': EmpiricalWaveletTransform(), 'col_transformer__time': None, 'model': GaussianProcessRegressor(alpha=0.1, kernel=RBF(length_scale=1))}",,,,,,,,109
0.016991424560546874,0.0032189244132849603,0.014045429229736329,0.006124043205460573,WindDirectionMapper(),EmpiricalWaveletTransform(),TimestampTransformer(),LinearRegression(),"{'col_transformer__Direction': WindDirectionMapper(), 'col_transformer__Speed': EmpiricalWaveletTransform(), 'col_transformer__time': TimestampTransformer(), 'model': LinearRegression()}",0.5321142313573529,0.26502948192941,-0.4686293944102733,0.4997668108764043,0.2997004405337339,0.22559631405732555,0.36279978653206674,64
0.1927851676940918,0.09459016790535008,0.01195836067199707,0.0014059512437679465,WindDirectionMapper(),EmpiricalWaveletTransform(),TimestampTransformer(),"MLPRegressor(activation='tanh', hidden_layer_sizes=(150, 150), solver='sgd')","{'col_transformer__Direction': WindDirectionMapper(), 'col_transformer__Speed': EmpiricalWaveletTransform(), 'col_transformer__time': TimestampTransformer(), 'model': MLPRegressor(activation='tanh', hidden_layer_sizes=(150, 150), solver='sgd')}",0.014629411816959648,0.005044365775558668,0.017300772234217,-0.0007680959033582457,-0.0013241531358090253,0.006976460157513608,0.007717129094229726,89
0.03754987716674805,0.017701578052592856,0.025902605056762694,0.011567954667245932,WindDirectionMapper(),EmpiricalWaveletTransform(),TimestampTransformer(),SVR(),"{'col_transformer__Direction': WindDirectionMapper(), 'col_transformer__Speed': EmpiricalWaveletTransform(), 'col_transformer__time': TimestampTransformer(), 'model': SVR()}",0.08378654347722259,0.005359361724367684,0.05129739937321165,-0.0769624770226136,-0.010282886405253544,0.010639588229386954,0.05503323948711911,87
0.05135102272033691,0.010896403564552352,0.011848640441894532,0.0017349782179311762,WindDirectionMapper(),EmpiricalWaveletTransform(),TimestampTransformer(),HuberRegressor(),"{'col_transformer__Direction': WindDirectionMapper(), 'col_transformer__Speed': EmpiricalWaveletTransform(), 'col_transformer__time': TimestampTransformer(), 'model': HuberRegressor()}",0.4855185123658349,0.2032820361838069,-0.7604232264047297,0.5476113656141215,0.4688954977767662,0.18897683710715996,0.4891779361563031,72
0.2273879051208496,0.020536808813607088,0.011850452423095703,0.0007280267936610841,WindDirectionMapper(),EmpiricalWaveletTransform(),TimestampTransformer(),RANSACRegressor(min_samples=0.1),"{'col_transformer__Direction': WindDirectionMapper(), 'col_transformer__Speed': EmpiricalWaveletTransform(), 'col_transformer__time': TimestampTransformer(), 'model': RANSACRegressor(min_samples=0.1)}",-1.4857576569735658,0.08721378045692418,-1.9752300713032547,0.382926879963569,0.4948103901771441,-0.4992073355358366,1.025870010449645,102
0.18161625862121583,0.11138152030348948,0.017129182815551758,0.001956824580230989,WindDirectionMapper(),EmpiricalWaveletTransform(),TimestampTransformer(),"GaussianProcessRegressor(alpha=0.1, kernel=RBF(length_scale=1))","{'col_transformer__Direction': WindDirectionMapper(), 'col_transformer__Speed': EmpiricalWaveletTransform(), 'col_transformer__time': TimestampTransformer(), 'model': GaussianProcessRegressor(alpha=0.1, kernel=RBF(length_scale=1))}",-0.20631670660288792,-0.36647662519547963,-1.3061021802666573,-1.1776096212812401,0.20035326259764974,-0.5712303741497231,0.5793375102212788,105
0.004600143432617188,0.0067109903957706975,0.0,0.0,CompassToCartesianTransformer(),,drop,LinearRegression(),"{'col_transformer__Direction': CompassToCartesianTransformer(), 'col_transformer__Speed': None, 'col_transformer__time': 'drop', 'model': LinearRegression()}",,,,,,,,109
0.001599264144897461,0.0004909140186082003,0.0,0.0,CompassToCartesianTransformer(),,drop,"MLPRegressor(activation='tanh', hidden_layer_sizes=(150, 150), solver='sgd')","{'col_transformer__Direction': CompassToCartesianTransformer(), 'col_transformer__Speed': None, 'col_transformer__time': 'drop', 'model': MLPRegressor(activation='tanh', hidden_layer_sizes=(150, 150), solver='sgd')}",,,,,,,,109
0.001401662826538086,0.0004917387673347051,0.0,0.0,CompassToCartesianTransformer(),,drop,SVR(),"{'col_transformer__Direction': CompassToCartesianTransformer(), 'col_transformer__Speed': None, 'col_transformer__time': 'drop', 'model': SVR()}",,,,,,,,109
0.0012026309967041015,0.00040445566682620305,0.0,0.0,CompassToCartesianTransformer(),,drop,HuberRegressor(),"{'col_transformer__Direction': CompassToCartesianTransformer(), 'col_transformer__Speed': None, 'col_transformer__time': 'drop', 'model': HuberRegressor()}",,,,,,,,109
0.0012026309967041015,0.0003989881859065509,0.0,0.0,CompassToCartesianTransformer(),,drop,RANSACRegressor(min_samples=0.1),"{'col_transformer__Direction': CompassToCartesianTransformer(), 'col_transformer__Speed': None, 'col_transformer__time': 'drop', 'model': RANSACRegressor(min_samples=0.1)}",,,,,,,,109
0.0010035037994384766,0.0005433423102101316,0.0,0.0,CompassToCartesianTransformer(),,drop,"GaussianProcessRegressor(alpha=0.1, kernel=RBF(length_scale=1))","{'col_transformer__Direction': CompassToCartesianTransformer(), 'col_transformer__Speed': None, 'col_transformer__time': 'drop', 'model': GaussianProcessRegressor(alpha=0.1, kernel=RBF(length_scale=1))}",,,,,,,,109
0.001401662826538086,0.0004882409220671448,0.0,0.0,CompassToCartesianTransformer(),,,LinearRegression(),"{'col_transformer__Direction': CompassToCartesianTransformer(), 'col_transformer__Speed': None, 'col_transformer__time': None, 'model': LinearRegression()}",,,,,,,,109
0.0012982845306396484,0.00039929423994685635,0.0,0.0,CompassToCartesianTransformer(),,,"MLPRegressor(activation='tanh', hidden_layer_sizes=(150, 150), solver='sgd')","{'col_transformer__Direction': CompassToCartesianTransformer(), 'col_transformer__Speed': None, 'col_transformer__time': None, 'model': MLPRegressor(activation='tanh', hidden_layer_sizes=(150, 150), solver='sgd')}",,,,,,,,109
0.0016440868377685547,0.00044956738327638134,0.0,0.0,CompassToCartesianTransformer(),,,SVR(),"{'col_transformer__Direction': CompassToCartesianTransformer(), 'col_transformer__Speed': None, 'col_transformer__time': None, 'model': SVR()}",,,,,,,,109
0.0013525009155273438,0.0003711246423995462,0.0,0.0,CompassToCartesianTransformer(),,,HuberRegressor(),"{'col_transformer__Direction': CompassToCartesianTransformer(), 'col_transformer__Speed': None, 'col_transformer__time': None, 'model': HuberRegressor()}",,,,,,,,109
0.0016017913818359374,0.0004872442993632004,0.0,0.0,CompassToCartesianTransformer(),,,RANSACRegressor(min_samples=0.1),"{'col_transformer__Direction': CompassToCartesianTransformer(), 'col_transformer__Speed': None, 'col_transformer__time': None, 'model': RANSACRegressor(min_samples=0.1)}",,,,,,,,109
0.0011045455932617188,0.0002074561916485948,0.0,0.0,CompassToCartesianTransformer(),,,"GaussianProcessRegressor(alpha=0.1, kernel=RBF(length_scale=1))","{'col_transformer__Direction': CompassToCartesianTransformer(), 'col_transformer__Speed': None, 'col_transformer__time': None, 'model': GaussianProcessRegressor(alpha=0.1, kernel=RBF(length_scale=1))}",,,,,,,,109
0.0017992496490478516,0.0004003790848383864,0.0,0.0,CompassToCartesianTransformer(),,TimestampTransformer(),LinearRegression(),"{'col_transformer__Direction': CompassToCartesianTransformer(), 'col_transformer__Speed': None, 'col_transformer__time': TimestampTransformer(), 'model': LinearRegression()}",,,,,,,,109
0.0014048099517822265,0.0004924828649466267,0.0,0.0,CompassToCartesianTransformer(),,TimestampTransformer(),"MLPRegressor(activation='tanh', hidden_layer_sizes=(150, 150), solver='sgd')","{'col_transformer__Direction': CompassToCartesianTransformer(), 'col_transformer__Speed': None, 'col_transformer__time': TimestampTransformer(), 'model': MLPRegressor(activation='tanh', hidden_layer_sizes=(150, 150), solver='sgd')}",,,,,,,,109
0.0010001182556152344,5.091227651611e-07,0.0,0.0,CompassToCartesianTransformer(),,TimestampTransformer(),SVR(),"{'col_transformer__Direction': CompassToCartesianTransformer(), 'col_transformer__Speed': None, 'col_transformer__time': TimestampTransformer(), 'model': SVR()}",,,,,,,,109
0.0013984203338623046,0.0004894187137723443,0.0,0.0,CompassToCartesianTransformer(),,TimestampTransformer(),HuberRegressor(),"{'col_transformer__Direction': CompassToCartesianTransformer(), 'col_transformer__Speed': None, 'col_transformer__time': TimestampTransformer(), 'model': HuberRegressor()}",,,,,,,,109
0.013312864303588866,0.024128068248691573,0.0,0.0,CompassToCartesianTransformer(),,TimestampTransformer(),RANSACRegressor(min_samples=0.1),"{'col_transformer__Direction': CompassToCartesianTransformer(), 'col_transformer__Speed': None, 'col_transformer__time': TimestampTransformer(), 'model': RANSACRegressor(min_samples=0.1)}",,,,,,,,109
0.0016001224517822265,0.0004901549823158812,0.0,0.0,CompassToCartesianTransformer(),,TimestampTransformer(),"GaussianProcessRegressor(alpha=0.1, kernel=RBF(length_scale=1))","{'col_transformer__Direction': CompassToCartesianTransformer(), 'col_transformer__Speed': None, 'col_transformer__time': TimestampTransformer(), 'model': GaussianProcessRegressor(alpha=0.1, kernel=RBF(length_scale=1))}",,,,,,,,109
0.014536857604980469,0.0014031022062645276,0.012562322616577148,0.005784584770481551,CompassToCartesianTransformer(),StandardScaler(),drop,LinearRegression(),"{'col_transformer__Direction': CompassToCartesianTransformer(), 'col_transformer__Speed': StandardScaler(), 'col_transformer__time': 'drop', 'model': LinearRegression()}",0.2084987192874731,0.5672713787979562,-0.07591577924364357,0.5863134612369785,0.6704024684588444,0.3913140497075217,0.2823477486139793,50
0.672238540649414,0.30764815024938014,0.009604740142822265,0.0019606592706323616,CompassToCartesianTransformer(),StandardScaler(),drop,"MLPRegressor(activation='tanh', hidden_layer_sizes=(150, 150), solver='sgd')","{'col_transformer__Direction': CompassToCartesianTransformer(), 'col_transformer__Speed': StandardScaler(), 'col_transformer__time': 'drop', 'model': MLPRegressor(activation='tanh', hidden_layer_sizes=(150, 150), solver='sgd')}",0.22997879001366994,0.6221723272229583,0.5264124616321451,0.6802878826550263,0.7794181593336826,0.5676539241714964,0.18773817439704038,25
0.02822904586791992,0.010834695279477481,0.020426130294799803,0.005175779029322347,CompassToCartesianTransformer(),StandardScaler(),drop,SVR(),"{'col_transformer__Direction': CompassToCartesianTransformer(), 'col_transformer__Speed': StandardScaler(), 'col_transformer__time': 'drop', 'model': SVR()}",0.409386580376628,0.6423465001184218,0.5953386941589427,0.7246367656523351,0.7726114630849318,0.6288640006782519,0.1259458752399334,1
0.02872333526611328,0.006455822366312751,0.010683393478393555,0.0008556557427635425,CompassToCartesianTransformer(),StandardScaler(),drop,HuberRegressor(),"{'col_transformer__Direction': CompassToCartesianTransformer(), 'col_transformer__Speed': StandardScaler(), 'col_transformer__time': 'drop', 'model': HuberRegressor()}",0.1573450890777064,0.5466937292057303,-0.20545430092952044,0.6048946804039729,0.6681541848291059,0.354326676517399,0.3317931889013159,53
0.26844286918640137,0.02077482328108122,0.010672378540039062,0.0006880039513082124,CompassToCartesianTransformer(),StandardScaler(),drop,RANSACRegressor(min_samples=0.1),"{'col_transformer__Direction': CompassToCartesianTransformer(), 'col_transformer__Speed': StandardScaler(), 'col_transformer__time': 'drop', 'model': RANSACRegressor(min_samples=0.1)}",-0.10241171376414537,0.5254364902118587,-0.2067925830751116,0.5998533703716633,0.652064345233232,0.2936299817954994,0.36966308498461237,59
0.23467135429382324,0.1866421468392803,0.01130828857421875,0.001057081523711202,CompassToCartesianTransformer(),StandardScaler(),drop,"GaussianProcessRegressor(alpha=0.1, kernel=RBF(length_scale=1))","{'col_transformer__Direction': CompassToCartesianTransformer(), 'col_transformer__Speed': StandardScaler(), 'col_transformer__time': 'drop', 'model': GaussianProcessRegressor(alpha=0.1, kernel=RBF(length_scale=1))}",-0.061424187904929095,0.0029941848518609815,-0.19156167096709797,0.26899488078109346,0.7265452104459015,0.14910968344136577,0.32543370139394173,78
0.0012020111083984376,0.00039870911135168137,0.0,0.0,CompassToCartesianTransformer(),StandardScaler(),,LinearRegression(),"{'col_transformer__Direction': CompassToCartesianTransformer(), 'col_transformer__Speed': StandardScaler(), 'col_transformer__time': None, 'model': LinearRegression()}",,,,,,,,109
0.0013054847717285157,0.0004027381881587461,0.0,0.0,CompassToCartesianTransformer(),StandardScaler(),,"MLPRegressor(activation='tanh', hidden_layer_sizes=(150, 150), solver='sgd')","{'col_transformer__Direction': CompassToCartesianTransformer(), 'col_transformer__Speed': StandardScaler(), 'col_transformer__time': None, 'model': MLPRegressor(activation='tanh', hidden_layer_sizes=(150, 150), solver='sgd')}",,,,,,,,109
0.0014781475067138672,0.0005308042657751033,0.0,0.0,CompassToCartesianTransformer(),StandardScaler(),,SVR(),"{'col_transformer__Direction': CompassToCartesianTransformer(), 'col_transformer__Speed': StandardScaler(), 'col_transformer__time': None, 'model': SVR()}",,,,,,,,109
0.0017933368682861329,0.00039711301996645475,0.0,0.0,CompassToCartesianTransformer(),StandardScaler(),,HuberRegressor(),"{'col_transformer__Direction': CompassToCartesianTransformer(), 'col_transformer__Speed': StandardScaler(), 'col_transformer__time': None, 'model': HuberRegressor()}",,,,,,,,109
0.001571512222290039,0.0004978505714031403,0.0,0.0,CompassToCartesianTransformer(),StandardScaler(),,RANSACRegressor(min_samples=0.1),"{'col_transformer__Direction': CompassToCartesianTransformer(), 'col_transformer__Speed': StandardScaler(), 'col_transformer__time': None, 'model': RANSACRegressor(min_samples=0.1)}",,,,,,,,109
0.001400136947631836,0.000490489372977444,0.0,0.0,CompassToCartesianTransformer(),StandardScaler(),,"GaussianProcessRegressor(alpha=0.1, kernel=RBF(length_scale=1))","{'col_transformer__Direction': CompassToCartesianTransformer(), 'col_transformer__Speed': StandardScaler(), 'col_transformer__time': None, 'model': GaussianProcessRegressor(alpha=0.1, kernel=RBF(length_scale=1))}",,,,,,,,109
0.021733760833740234,0.00954965828543018,0.021460533142089844,0.013643234928155263,CompassToCartesianTransformer(),StandardScaler(),TimestampTransformer(),LinearRegression(),"{'col_transformer__Direction': CompassToCartesianTransformer(), 'col_transformer__Speed': StandardScaler(), 'col_transformer__time': TimestampTransformer(), 'model': LinearRegression()}",0.2084987192874731,0.5672713787979562,-0.07591577924364357,0.5863134612369785,0.6704024684588444,0.3913140497075217,0.2823477486139793,50
0.6481992721557617,0.32563574023703795,0.008323097229003906,0.0022750773350173094,CompassToCartesianTransformer(),StandardScaler(),TimestampTransformer(),"MLPRegressor(activation='tanh', hidden_layer_sizes=(150, 150), solver='sgd')","{'col_transformer__Direction': CompassToCartesianTransformer(), 'col_transformer__Speed': StandardScaler(), 'col_transformer__time': TimestampTransformer(), 'model': MLPRegressor(activation='tanh', hidden_layer_sizes=(150, 150), solver='sgd')}",0.2295298851229406,0.5965622439036706,0.519568320623998,0.6842817972731087,0.782415360808192,0.562471521546382,0.18818396901244977,26
0.03416810035705566,0.013049100717477344,0.02260761260986328,0.009140056211636967,CompassToCartesianTransformer(),StandardScaler(),TimestampTransformer(),SVR(),"{'col_transformer__Direction': CompassToCartesianTransformer(), 'col_transformer__Speed': StandardScaler(), 'col_transformer__time': TimestampTransformer(), 'model': SVR()}",0.409386580376628,0.6423465001184218,0.5953386941589427,0.7246367656523351,0.7726114630849318,0.6288640006782519,0.1259458752399334,1
0.021569108963012694,0.0016582998325963163,0.011095619201660157,0.001497236365376637,CompassToCartesianTransformer(),StandardScaler(),TimestampTransformer(),HuberRegressor(),"{'col_transformer__Direction': CompassToCartesianTransformer(), 'col_transformer__Speed': StandardScaler(), 'col_transformer__time': TimestampTransformer(), 'model': HuberRegressor()}",0.1573450890777064,0.5466937292057303,-0.20545430092952044,0.6048946804039729,0.6681541848291059,0.354326676517399,0.3317931889013159,53
0.25494823455810545,0.019675786916753514,0.009599876403808594,0.0004892632130480773,CompassToCartesianTransformer(),StandardScaler(),TimestampTransformer(),RANSACRegressor(min_samples=0.1),"{'col_transformer__Direction': CompassToCartesianTransformer(), 'col_transformer__Speed': StandardScaler(), 'col_transformer__time': TimestampTransformer(), 'model': RANSACRegressor(min_samples=0.1)}",-0.07662422093522459,0.5106983791528301,-0.18573129295145163,0.5598824916455455,0.6368298457906436,0.28901104054046856,0.34714952630076085,60
0.21406316757202148,0.16211929916594975,0.012873458862304687,0.0026054658502578307,CompassToCartesianTransformer(),StandardScaler(),TimestampTransformer(),"GaussianProcessRegressor(alpha=0.1, kernel=RBF(length_scale=1))","{'col_transformer__Direction': CompassToCartesianTransformer(), 'col_transformer__Speed': StandardScaler(), 'col_transformer__time': TimestampTransformer(), 'model': GaussianProcessRegressor(alpha=0.1, kernel=RBF(length_scale=1))}",-0.061424187904929095,0.0029941848518609815,-0.19156167096709797,0.26899488078109346,0.7265452104459015,0.14910968344136577,0.32543370139394173,78
0.015304088592529297,0.0011660559233739947,0.011812973022460937,0.003897767426175509,CompassToCartesianTransformer(),PolynomialFeatures(),drop,LinearRegression(),"{'col_transformer__Direction': CompassToCartesianTransformer(), 'col_transformer__Speed': PolynomialFeatures(), 'col_transformer__time': 'drop', 'model': LinearRegression()}",0.19427603495037282,0.6759085867377038,0.5628930444158446,0.6931947557948873,0.7247744003370956,0.5702093644471808,0.195738335112352,23
0.12368087768554688,0.03609671432701726,0.012729072570800781,0.003102905412456379,CompassToCartesianTransformer(),PolynomialFeatures(),drop,"MLPRegressor(activation='tanh', hidden_layer_sizes=(150, 150), solver='sgd')","{'col_transformer__Direction': CompassToCartesianTransformer(), 'col_transformer__Speed': PolynomialFeatures(), 'col_transformer__time': 'drop', 'model': MLPRegressor(activation='tanh', hidden_layer_sizes=(150, 150), solver='sgd')}",0.14253890239920963,0.07004061958166008,0.06685555332290849,0.03491638154730248,0.15475333172641148,0.09382095771549843,0.04658020812787622,82
0.03560194969177246,0.015950212920974094,0.018979215621948244,0.006554395817575357,CompassToCartesianTransformer(),PolynomialFeatures(),drop,SVR(),"{'col_transformer__Direction': CompassToCartesianTransformer(), 'col_transformer__Speed': PolynomialFeatures(), 'col_transformer__time': 'drop', 'model': SVR()}",0.4968107825666799,0.501460478538599,0.544066731664356,0.7002261067437809,0.8273924425926169,0.6139913084212065,0.12981555704584546,5
0.05700297355651855,0.015952515689180775,0.013249683380126952,0.006742417504194148,CompassToCartesianTransformer(),PolynomialFeatures(),drop,HuberRegressor(),"{'col_transformer__Direction': CompassToCartesianTransformer(), 'col_transformer__Speed': PolynomialFeatures(), 'col_transformer__time': 'drop', 'model': HuberRegressor()}",0.12516707396619453,0.6655964680932418,0.5593835198319301,0.6985808959473303,0.7172607041499921,0.5531977323977377,0.22087775227638376,28
0.23564496040344238,0.02022471767251459,0.009623527526855469,0.000982911236391129,CompassToCartesianTransformer(),PolynomialFeatures(),drop,RANSACRegressor(min_samples=0.1),"{'col_transformer__Direction': CompassToCartesianTransformer(), 'col_transformer__Speed': PolynomialFeatures(), 'col_transformer__time': 'drop', 'model': RANSACRegressor(min_samples=0.1)}",0.12155298497201827,0.6590297394458449,0.5122948417707063,0.7184662373015724,0.6971016588647709,0.5416890924709825,0.2220587413089835,34
0.2728307247161865,0.22239544406073136,0.014220046997070312,0.0030000828932359794,CompassToCartesianTransformer(),PolynomialFeatures(),drop,"GaussianProcessRegressor(alpha=0.1, kernel=RBF(length_scale=1))","{'col_transformer__Direction': CompassToCartesianTransformer(), 'col_transformer__Speed': PolynomialFeatures(), 'col_transformer__time': 'drop', 'model': GaussianProcessRegressor(alpha=0.1, kernel=RBF(length_scale=1))}",-0.395532695607544,-0.1277200390515132,-0.52276595260773,0.04409895828763288,0.6834060260493369,-0.06370274058596351,0.4230227137276546,95
0.0015987396240234376,0.000489318122073063,0.0,0.0,CompassToCartesianTransformer(),PolynomialFeatures(),,LinearRegression(),"{'col_transformer__Direction': CompassToCartesianTransformer(), 'col_transformer__Speed': PolynomialFeatures(), 'col_transformer__time': None, 'model': LinearRegression()}",,,,,,,,109
0.001031351089477539,6.765299324332633e-05,0.0,0.0,CompassToCartesianTransformer(),PolynomialFeatures(),,"MLPRegressor(activation='tanh', hidden_layer_sizes=(150, 150), solver='sgd')","{'col_transformer__Direction': CompassToCartesianTransformer(), 'col_transformer__Speed': PolynomialFeatures(), 'col_transformer__time': None, 'model': MLPRegressor(activation='tanh', hidden_layer_sizes=(150, 150), solver='sgd')}",,,,,,,,109
0.00226593017578125,0.0009747679037692235,0.0,0.0,CompassToCartesianTransformer(),PolynomialFeatures(),,SVR(),"{'col_transformer__Direction': CompassToCartesianTransformer(), 'col_transformer__Speed': PolynomialFeatures(), 'col_transformer__time': None, 'model': SVR()}",,,,,,,,109
0.0015998363494873046,0.0004901156621692686,0.0,0.0,CompassToCartesianTransformer(),PolynomialFeatures(),,HuberRegressor(),"{'col_transformer__Direction': CompassToCartesianTransformer(), 'col_transformer__Speed': PolynomialFeatures(), 'col_transformer__time': None, 'model': HuberRegressor()}",,,,,,,,109
0.001202535629272461,0.0004033095731208149,0.0,0.0,CompassToCartesianTransformer(),PolynomialFeatures(),,RANSACRegressor(min_samples=0.1),"{'col_transformer__Direction': CompassToCartesianTransformer(), 'col_transformer__Speed': PolynomialFeatures(), 'col_transformer__time': None, 'model': RANSACRegressor(min_samples=0.1)}",,,,,,,,109
0.0014000892639160155,0.0004900965066040591,0.0,0.0,CompassToCartesianTransformer(),PolynomialFeatures(),,"GaussianProcessRegressor(alpha=0.1, kernel=RBF(length_scale=1))","{'col_transformer__Direction': CompassToCartesianTransformer(), 'col_transformer__Speed': PolynomialFeatures(), 'col_transformer__time': None, 'model': GaussianProcessRegressor(alpha=0.1, kernel=RBF(length_scale=1))}",,,,,,,,109
0.01628732681274414,0.001020018380304061,0.009661483764648437,0.00042627093455131716,CompassToCartesianTransformer(),PolynomialFeatures(),TimestampTransformer(),LinearRegression(),"{'col_transformer__Direction': CompassToCartesianTransformer(), 'col_transformer__Speed': PolynomialFeatures(), 'col_transformer__time': TimestampTransformer(), 'model': LinearRegression()}",0.19427603495037282,0.6759085867377038,0.5628930444158446,0.6931947557948873,0.7247744003370956,0.5702093644471808,0.195738335112352,23
0.12656054496765137,0.029826380230177255,0.010133457183837891,0.0008581711794278152,CompassToCartesianTransformer(),PolynomialFeatures(),TimestampTransformer(),"MLPRegressor(activation='tanh', hidden_layer_sizes=(150, 150), solver='sgd')","{'col_transformer__Direction': CompassToCartesianTransformer(), 'col_transformer__Speed': PolynomialFeatures(), 'col_transformer__time': TimestampTransformer(), 'model': MLPRegressor(activation='tanh', hidden_layer_sizes=(150, 150), solver='sgd')}",0.13654709999265335,-0.0013299889854614388,0.13540470650262282,0.03252992847017022,0.18983797234649202,0.0985979436652954,0.07137253455769185,81
0.032170581817626956,0.011789290022216776,0.021738862991333006,0.007976586528039259,CompassToCartesianTransformer(),PolynomialFeatures(),TimestampTransformer(),SVR(),"{'col_transformer__Direction': CompassToCartesianTransformer(), 'col_transformer__Speed': PolynomialFeatures(), 'col_transformer__time': TimestampTransformer(), 'model': SVR()}",0.4968107825666799,0.501460478538599,0.544066731664356,0.7002261067437809,0.8273924425926169,0.6139913084212065,0.12981555704584546,5
0.0474586009979248,0.007861624726555527,0.009734869003295898,0.0006462031123995931,CompassToCartesianTransformer(),PolynomialFeatures(),TimestampTransformer(),HuberRegressor(),"{'col_transformer__Direction': CompassToCartesianTransformer(), 'col_transformer__Speed': PolynomialFeatures(), 'col_transformer__time': TimestampTransformer(), 'model': HuberRegressor()}",0.12516707396619453,0.6655964680932418,0.5593835198319301,0.6985808959473303,0.7172607041499921,0.5531977323977377,0.22087775227638376,28
0.22888221740722656,0.02690701305976407,0.00985264778137207,0.000435497493711601,CompassToCartesianTransformer(),PolynomialFeatures(),TimestampTransformer(),RANSACRegressor(min_samples=0.1),"{'col_transformer__Direction': CompassToCartesianTransformer(), 'col_transformer__Speed': PolynomialFeatures(), 'col_transformer__time': TimestampTransformer(), 'model': RANSACRegressor(min_samples=0.1)}",0.20241262903212198,0.6524393668491313,0.5257650784311154,0.7209951007576225,0.708523968827206,0.5620272287794394,0.19263646475967922,27
0.2683872699737549,0.23443365346468306,0.015506649017333984,0.005793517563023556,CompassToCartesianTransformer(),PolynomialFeatures(),TimestampTransformer(),"GaussianProcessRegressor(alpha=0.1, kernel=RBF(length_scale=1))","{'col_transformer__Direction': CompassToCartesianTransformer(), 'col_transformer__Speed': PolynomialFeatures(), 'col_transformer__time': TimestampTransformer(), 'model': GaussianProcessRegressor(alpha=0.1, kernel=RBF(length_scale=1))}",-0.395532695607544,-0.1277200390515132,-0.52276595260773,0.04409895828763288,0.6834060260493369,-0.06370274058596351,0.4230227137276546,95
0.01818256378173828,0.002826374000984827,0.013071584701538085,0.0015176739512271365,CompassToCartesianTransformer(),EmpiricalWaveletTransform(),drop,LinearRegression(),"{'col_transformer__Direction': CompassToCartesianTransformer(), 'col_transformer__Speed': EmpiricalWaveletTransform(), 'col_transformer__time': 'drop', 'model': LinearRegression()}",0.20058707448942192,0.4709297073665294,-0.21478652675016097,0.4503045974044785,0.40341375875117735,0.2620897222522892,0.256984433165863,61
0.45005149841308595,0.2859855854387655,0.012397336959838866,0.00233165716170452,CompassToCartesianTransformer(),EmpiricalWaveletTransform(),drop,"MLPRegressor(activation='tanh', hidden_layer_sizes=(150, 150), solver='sgd')","{'col_transformer__Direction': CompassToCartesianTransformer(), 'col_transformer__Speed': EmpiricalWaveletTransform(), 'col_transformer__time': 'drop', 'model': MLPRegressor(activation='tanh', hidden_layer_sizes=(150, 150), solver='sgd')}",0.42453019092801303,0.026460562563780043,0.3775937779669749,0.5652785143722626,0.5228911168611757,0.38335083253844127,0.19061412350799187,52
0.034502696990966794,0.013658039750729113,0.02874441146850586,0.00863577702572786,CompassToCartesianTransformer(),EmpiricalWaveletTransform(),drop,SVR(),"{'col_transformer__Direction': CompassToCartesianTransformer(), 'col_transformer__Speed': EmpiricalWaveletTransform(), 'col_transformer__time': 'drop', 'model': SVR()}",0.41438612814589904,0.4836518685614981,0.45592605514843054,0.5718349936322005,0.5089652304753925,0.4869528551926841,0.05278069874425686,37
0.036346960067749026,0.006580148500920448,0.011111593246459961,0.0008579730947796939,CompassToCartesianTransformer(),EmpiricalWaveletTransform(),drop,HuberRegressor(),"{'col_transformer__Direction': CompassToCartesianTransformer(), 'col_transformer__Speed': EmpiricalWaveletTransform(), 'col_transformer__time': 'drop', 'model': HuberRegressor()}",0.09144672920629338,0.4064644112329311,-0.3928453489774706,0.4819015961515759,0.507720012424116,0.21893748000748917,0.34007174205568025,66
0.2333627700805664,0.03861681870208142,0.017106008529663087,0.008212088496686901,CompassToCartesianTransformer(),EmpiricalWaveletTransform(),drop,RANSACRegressor(min_samples=0.1),"{'col_transformer__Direction': CompassToCartesianTransformer(), 'col_transformer__Speed': EmpiricalWaveletTransform(), 'col_transformer__time': 'drop', 'model': RANSACRegressor(min_samples=0.1)}",-0.1261522851520338,0.10519866932054234,-0.7516489764907168,0.5239297007966517,0.5794177630260573,0.06614897430010014,0.4858613350365818,83
0.1720499038696289,0.1484842255987935,0.013021421432495118,0.002071979069185754,CompassToCartesianTransformer(),EmpiricalWaveletTransform(),drop,"GaussianProcessRegressor(alpha=0.1, kernel=RBF(length_scale=1))","{'col_transformer__Direction': CompassToCartesianTransformer(), 'col_transformer__Speed': EmpiricalWaveletTransform(), 'col_transformer__time': 'drop', 'model': GaussianProcessRegressor(alpha=0.1, kernel=RBF(length_scale=1))}",-0.05412672641380767,-0.20493123693895932,-1.623846683839611,-0.9576255583897912,0.16137795860808501,-0.5358304493948168,0.6617133473211984,103
0.0015987873077392579,0.0004891618224141499,0.0,0.0,CompassToCartesianTransformer(),EmpiricalWaveletTransform(),,LinearRegression(),"{'col_transformer__Direction': CompassToCartesianTransformer(), 'col_transformer__Speed': EmpiricalWaveletTransform(), 'col_transformer__time': None, 'model': LinearRegression()}",,,,,,,,109
0.0011522769927978516,0.0004829269400823877,0.0,0.0,CompassToCartesianTransformer(),EmpiricalWaveletTransform(),,"MLPRegressor(activation='tanh', hidden_layer_sizes=(150, 150), solver='sgd')","{'col_transformer__Direction': CompassToCartesianTransformer(), 'col_transformer__Speed': EmpiricalWaveletTransform(), 'col_transformer__time': None, 'model': MLPRegressor(activation='tanh', hidden_layer_sizes=(150, 150), solver='sgd')}",,,,,,,,109
0.0016007423400878906,0.000489980355607401,0.0,0.0,CompassToCartesianTransformer(),EmpiricalWaveletTransform(),,SVR(),"{'col_transformer__Direction': CompassToCartesianTransformer(), 'col_transformer__Speed': EmpiricalWaveletTransform(), 'col_transformer__time': None, 'model': SVR()}",,,,,,,,109
0.001800680160522461,0.0011662865353365187,0.0,0.0,CompassToCartesianTransformer(),EmpiricalWaveletTransform(),,HuberRegressor(),"{'col_transformer__Direction': CompassToCartesianTransformer(), 'col_transformer__Speed': EmpiricalWaveletTransform(), 'col_transformer__time': None, 'model': HuberRegressor()}",,,,,,,,109
0.001600360870361328,0.0004908368540613757,0.0,0.0,CompassToCartesianTransformer(),EmpiricalWaveletTransform(),,RANSACRegressor(min_samples=0.1),"{'col_transformer__Direction': CompassToCartesianTransformer(), 'col_transformer__Speed': EmpiricalWaveletTransform(), 'col_transformer__time': None, 'model': RANSACRegressor(min_samples=0.1)}",,,,,,,,109
0.001601266860961914,0.0004891442285464495,0.0,0.0,CompassToCartesianTransformer(),EmpiricalWaveletTransform(),,"GaussianProcessRegressor(alpha=0.1, kernel=RBF(length_scale=1))","{'col_transformer__Direction': CompassToCartesianTransformer(), 'col_transformer__Speed': EmpiricalWaveletTransform(), 'col_transformer__time': None, 'model': GaussianProcessRegressor(alpha=0.1, kernel=RBF(length_scale=1))}",,,,,,,,109
0.018214607238769533,0.003906102442538844,0.012160491943359376,0.0017019606643302898,CompassToCartesianTransformer(),EmpiricalWaveletTransform(),TimestampTransformer(),LinearRegression(),"{'col_transformer__Direction': CompassToCartesianTransformer(), 'col_transformer__Speed': EmpiricalWaveletTransform(), 'col_transformer__time': TimestampTransformer(), 'model': LinearRegression()}",0.20058707448942192,0.4709297073665294,-0.21478652675016097,0.4503045974044785,0.40341375875117735,0.2620897222522892,0.256984433165863,61
0.5556970119476319,0.37528494178099986,0.013014793395996094,0.004509923666822232,CompassToCartesianTransformer(),EmpiricalWaveletTransform(),TimestampTransformer(),"MLPRegressor(activation='tanh', hidden_layer_sizes=(150, 150), solver='sgd')","{'col_transformer__Direction': CompassToCartesianTransformer(), 'col_transformer__Speed': EmpiricalWaveletTransform(), 'col_transformer__time': TimestampTransformer(), 'model': MLPRegressor(activation='tanh', hidden_layer_sizes=(150, 150), solver='sgd')}",0.3319751178621484,0.5275886665996381,0.31891230630899126,0.542052661103099,0.5319867719363807,0.45050310476205147,0.1023016275943774,41
0.038321495056152344,0.01886020325975203,0.027352428436279295,0.012843051402788673,CompassToCartesianTransformer(),EmpiricalWaveletTransform(),TimestampTransformer(),SVR(),"{'col_transformer__Direction': CompassToCartesianTransformer(), 'col_transformer__Speed': EmpiricalWaveletTransform(), 'col_transformer__time': TimestampTransformer(), 'model': SVR()}",0.41438612814589904,0.4836518685614981,0.45592605514843054,0.5718349936322005,0.5089652304753925,0.4869528551926841,0.05278069874425686,37
0.042143726348876955,0.013528051599174177,0.018286895751953126,0.007196787058436641,CompassToCartesianTransformer(),EmpiricalWaveletTransform(),TimestampTransformer(),HuberRegressor(),"{'col_transformer__Direction': CompassToCartesianTransformer(), 'col_transformer__Speed': EmpiricalWaveletTransform(), 'col_transformer__time': TimestampTransformer(), 'model': HuberRegressor()}",0.09144672920629338,0.4064644112329311,-0.3928453489774706,0.4819015961515759,0.507720012424116,0.21893748000748917,0.34007174205568025,66
0.267030668258667,0.028193268227592976,0.022351837158203124,0.01148181648820474,CompassToCartesianTransformer(),EmpiricalWaveletTransform(),TimestampTransformer(),RANSACRegressor(min_samples=0.1),"{'col_transformer__Direction': CompassToCartesianTransformer(), 'col_transformer__Speed': EmpiricalWaveletTransform(), 'col_transformer__time': TimestampTransformer(), 'model': RANSACRegressor(min_samples=0.1)}",-0.31647222264056607,0.059576722532333815,-1.2128478698232268,0.4202214306476656,0.501335384305345,-0.10963731099568967,0.6233017772196425,97
0.1732276439666748,0.12066213690387603,0.012083005905151368,0.0011052775255220029,CompassToCartesianTransformer(),EmpiricalWaveletTransform(),TimestampTransformer(),"GaussianProcessRegressor(alpha=0.1, kernel=RBF(length_scale=1))","{'col_transformer__Direction': CompassToCartesianTransformer(), 'col_transformer__Speed': EmpiricalWaveletTransform(), 'col_transformer__time': TimestampTransformer(), 'model': GaussianProcessRegressor(alpha=0.1, kernel=RBF(length_scale=1))}",-0.05412672641380767,-0.20493123693895932,-1.623846683839611,-0.9576255583897912,0.16137795860808501,-0.5358304493948168,0.6617133473211984,103
